id,edad,abandono,viajes,departamento,distancia_casa,educacion,carrera,satisfaccion_entorno,implicacion,nivel_laboral,puesto,satisfaccion_trabajo,estado_civil,salario_mes,num_empresas_anteriores,horas_extra,incremento_salario_porc,evaluacion,satisfaccion_companeros,nivel_acciones,anos_experiencia,num_formaciones_ult_ano,anos_compania,anos_desde_ult_promocion,anos_con_manager_actual,salario_ano,impacto_abandono,scoring_abandono,nodo_final
1,41,1,Travel_Rarely,Sales,1,Universitaria,Life Sciences,Media,Alta,2,Sales Executive,Alta,Single,5993,8,Yes,11,Alta,Baja,0,8,0,6,0,5,71916,14670.864,0.32,10
2,49,0,Travel_Frequently,Research & Development,8,Secundaria,Life Sciences,Alta,Media,2,Research Scientist,Media,Married,5130,1,No,23,Muy_Alta,Muy_Alta,1,10,3,10,1,7,61560,12558.24,0.03409090909090909,18
4,37,1,Travel_Rarely,Research & Development,2,Secundaria,Other,Muy_Alta,Media,1,Laboratory Technician,Media,Single,2090,6,Yes,15,Alta,Media,0,7,3,0,0,0,25080,4037.88,0.6285714285714286,8
5,33,0,Travel_Frequently,Research & Development,3,Universitaria,Life Sciences,Muy_Alta,Alta,1,Research Scientist,Alta,Married,2909,1,Yes,11,Alta,Alta,0,8,3,8,3,0,34908,6876.876,0.32,10
7,27,0,Travel_Rarely,Research & Development,2,Universitaria,Medical,Baja,Alta,1,Laboratory Technician,Alta,Married,3468,9,No,12,Alta,Muy_Alta,1,6,3,2,2,2,41616,8198.352,0.03409090909090909,18
8,32,0,Travel_Frequently,Research & Development,2,Universitaria,Life Sciences,Muy_Alta,Alta,1,Laboratory Technician,Alta,Single,3068,0,No,13,Alta,Alta,0,8,2,7,3,6,36816,7252.752,0.0967741935483871,14
10,59,0,Travel_Rarely,Research & Development,3,Master,Medical,Alta,Muy_Alta,1,Laboratory Technician,Muy_Alta,Married,2670,4,Yes,20,Muy_Alta,Baja,3,12,3,1,0,0,32040,6311.88,0.10135135135135136,11
11,30,0,Travel_Rarely,Research & Development,24,Universitaria,Life Sciences,Muy_Alta,Alta,1,Laboratory Technician,Alta,Divorced,2693,1,No,22,Muy_Alta,Media,1,1,2,1,0,0,32316,6366.252,0.6,3
12,38,0,Travel_Frequently,Research & Development,23,Secundaria,Life Sciences,Muy_Alta,Media,3,Manufacturing Director,Media,Single,9526,0,No,21,Muy_Alta,Media,0,10,2,9,1,8,114312,24005.52,0.0967741935483871,14
13,36,0,Travel_Rarely,Research & Development,27,Universitaria,Medical,Alta,Alta,2,Healthcare Representative,Alta,Married,5237,6,No,13,Alta,Media,2,17,3,7,7,7,62844,12820.176,0.03409090909090909,18
14,35,0,Travel_Rarely,Research & Development,16,Master,Medical,Baja,Muy_Alta,1,Laboratory Technician,Muy_Alta,Married,2426,0,No,13,Alta,Alta,1,6,5,5,0,3,29112,4687.032,0.03409090909090909,18
15,29,0,Travel_Rarely,Research & Development,15,Secundaria,Life Sciences,Muy_Alta,Media,2,Laboratory Technician,Media,Single,4193,0,Yes,12,Alta,Muy_Alta,0,10,3,9,0,8,50316,10264.464,0.32,10
16,31,0,Travel_Rarely,Research & Development,26,Universitaria,Life Sciences,Baja,Alta,1,Research Scientist,Alta,Divorced,2911,1,No,17,Alta,Muy_Alta,1,5,1,5,4,3,34932,6881.604,0.03409090909090909,18
18,34,0,Travel_Rarely,Research & Development,19,Universitaria,Medical,Media,Alta,1,Laboratory Technician,Alta,Divorced,2661,0,No,11,Alta,Alta,1,3,2,2,1,2,31932,6290.604,0.03409090909090909,18
19,28,1,Travel_Rarely,Research & Development,24,Secundaria,Life Sciences,Alta,Media,1,Laboratory Technician,Media,Single,2028,5,Yes,14,Alta,Media,0,6,4,4,0,3,24336,3918.096,0.6285714285714286,8
20,29,0,Travel_Rarely,Research & Development,21,Master,Life Sciences,Media,Muy_Alta,3,Manufacturing Director,Muy_Alta,Divorced,9980,1,No,11,Alta,Alta,1,10,1,10,8,8,119760,25149.6,0.03409090909090909,18
21,32,0,Travel_Rarely,Research & Development,5,Master,Life Sciences,Baja,Muy_Alta,1,Research Scientist,Muy_Alta,Divorced,3298,0,Yes,12,Alta,Muy_Alta,2,7,5,6,0,5,39576,7796.472000000001,0.10135135135135136,11
22,22,0,Non-Travel,Research & Development,16,Master,Medical,Muy_Alta,Muy_Alta,1,Laboratory Technician,Muy_Alta,Divorced,2935,1,Yes,13,Alta,Media,2,1,2,1,0,0,35220,6938.34,0.6,3
23,53,0,Travel_Rarely,Sales,2,Secundaria,Life Sciences,Baja,Media,4,Manager,Media,Married,15427,2,No,16,Alta,Alta,0,31,3,25,3,7,185124,38876.04,0.0967741935483871,14
24,38,0,Travel_Rarely,Research & Development,2,Universitaria,Life Sciences,Muy_Alta,Alta,1,Research Scientist,Alta,Single,3944,5,Yes,11,Alta,Alta,0,6,3,3,1,2,47328,9323.616,0.32,10
26,24,0,Non-Travel,Research & Development,11,Master,Other,Baja,Muy_Alta,2,Manufacturing Director,Muy_Alta,Divorced,4011,0,No,18,Alta,Muy_Alta,1,5,5,4,1,3,48132,9482.004,0.03409090909090909,18
27,36,1,Travel_Rarely,Sales,9,Secundaria,Life Sciences,Alta,Media,1,Sales Representative,Alta,Single,3407,7,No,23,Muy_Alta,Media,0,10,4,5,0,3,40884,8054.148,0.2647058823529412,15
28,34,0,Travel_Rarely,Research & Development,7,Universitaria,Life Sciences,Baja,Alta,3,Research Director,Alta,Single,11994,0,No,11,Alta,Alta,0,13,4,12,2,11,143928,30224.879999999997,0.0967741935483871,14
30,21,0,Travel_Rarely,Research & Development,15,Universitaria,Life Sciences,Alta,Alta,1,Research Scientist,Alta,Single,1232,1,No,14,Alta,Muy_Alta,0,0,6,0,0,0,14784,2380.224,0.3,5
31,34,1,Travel_Rarely,Research & Development,6,Universitaria,Medical,Media,Alta,1,Research Scientist,Alta,Single,2960,2,No,11,Alta,Alta,0,8,2,4,1,3,35520,6997.4400000000005,0.0967741935483871,14
32,53,0,Travel_Rarely,Research & Development,5,Universitaria,Other,Alta,Alta,5,Manager,Alta,Divorced,19094,4,No,11,Alta,Muy_Alta,1,26,3,14,4,8,229128,48116.88,0.03409090909090909,18
33,32,1,Travel_Frequently,Research & Development,16,Primaria,Life Sciences,Media,Baja,1,Research Scientist,Alta,Single,3919,1,Yes,22,Muy_Alta,Media,0,10,5,10,6,7,47028,9264.516,0.32,10
35,42,0,Travel_Rarely,Sales,8,Universitaria,Marketing,Alta,Alta,2,Sales Executive,Alta,Married,6825,0,No,11,Alta,Muy_Alta,1,10,2,9,4,2,81900,17199.0,0.0948905109489051,17
36,44,0,Travel_Rarely,Research & Development,7,Secundaria,Medical,Baja,Media,3,Healthcare Representative,Media,Married,10248,3,No,14,Alta,Muy_Alta,1,24,4,22,5,17,122976,25824.96,0.03409090909090909,18
38,46,0,Travel_Rarely,Sales,2,Universitaria,Marketing,Media,Alta,5,Manager,Alta,Single,18947,3,No,12,Alta,Muy_Alta,0,22,2,2,2,1,227364,47746.439999999995,0.0967741935483871,14
39,33,0,Travel_Rarely,Research & Development,2,Universitaria,Medical,Alta,Alta,1,Laboratory Technician,Alta,Single,2496,4,No,11,Alta,Muy_Alta,0,7,3,1,0,0,29952,4822.272,0.0967741935483871,14
40,44,0,Travel_Rarely,Research & Development,10,Universitaria,Other,Muy_Alta,Alta,2,Healthcare Representative,Alta,Married,6465,2,Yes,13,Alta,Muy_Alta,0,9,5,4,1,3,77580,16291.8,0.32,10
41,30,0,Travel_Rarely,Research & Development,9,Universitaria,Medical,Muy_Alta,Alta,1,Laboratory Technician,Alta,Single,2206,1,No,13,Alta,Baja,0,10,5,10,1,8,26472,4261.992,0.0967741935483871,14
42,39,1,Travel_Rarely,Sales,5,Universitaria,Technical Degree,Muy_Alta,Alta,2,Sales Representative,Alta,Married,2086,3,No,14,Alta,Alta,1,19,6,1,0,0,25032,4030.152,0.0948905109489051,17
45,24,1,Travel_Rarely,Research & Development,1,Universitaria,Medical,Media,Alta,1,Research Scientist,Alta,Married,2293,2,Yes,16,Alta,Baja,1,6,2,2,2,0,27516,4430.076,0.6285714285714286,8
46,43,0,Travel_Rarely,Research & Development,2,Master,Medical,Muy_Alta,Muy_Alta,1,Research Scientist,Muy_Alta,Divorced,2645,1,No,12,Alta,Muy_Alta,2,6,3,5,1,4,31740,6252.780000000001,0.03409090909090909,18
47,50,1,Travel_Rarely,Sales,3,Secundaria,Marketing,Baja,Media,1,Sales Representative,Media,Married,2683,1,Yes,14,Alta,Alta,0,3,2,3,0,2,32196,6342.612,0.32,10
49,35,0,Travel_Rarely,Sales,2,Universitaria,Marketing,Muy_Alta,Alta,1,Sales Representative,Alta,Married,2014,1,No,13,Alta,Baja,0,2,3,2,2,2,24168,3891.0480000000002,0.0967741935483871,14
51,36,0,Travel_Rarely,Research & Development,5,Secundaria,Life Sciences,Media,Media,1,Research Scientist,Media,Married,3419,9,Yes,14,Alta,Muy_Alta,1,6,3,1,0,0,41028,8082.5160000000005,0.10135135135135136,11
52,33,0,Travel_Frequently,Sales,1,Master,Life Sciences,Alta,Muy_Alta,2,Sales Executive,Muy_Alta,Married,5376,2,No,19,Alta,Baja,2,10,3,5,1,3,64512,13160.447999999999,0.0948905109489051,17
53,35,0,Travel_Rarely,Research & Development,4,Universitaria,Other,Alta,Alta,1,Laboratory Technician,Alta,Divorced,1951,1,No,12,Alta,Alta,1,1,3,1,0,0,23412,3769.332,0.6,3
54,27,0,Travel_Rarely,Research & Development,2,Universitaria,Life Sciences,Muy_Alta,Alta,1,Laboratory Technician,Alta,Divorced,2341,1,No,13,Alta,Muy_Alta,1,1,6,1,0,0,28092,4522.812,0.6,3
55,26,1,Travel_Rarely,Research & Development,25,Universitaria,Life Sciences,Baja,Baja,1,Laboratory Technician,Baja,Single,2293,1,No,12,Alta,Alta,0,1,2,1,0,1,27516,4430.076,0.9,4
56,27,0,Travel_Frequently,Sales,8,Universitaria,Life Sciences,Muy_Alta,Alta,3,Sales Executive,Alta,Single,8726,1,No,15,Alta,Muy_Alta,0,9,0,9,1,7,104712,21989.52,0.0967741935483871,14
57,30,0,Travel_Frequently,Research & Development,1,Universitaria,Medical,Alta,Alta,2,Laboratory Technician,Alta,Single,4011,1,No,23,Muy_Alta,Muy_Alta,0,12,2,12,3,7,48132,9482.004,0.0967741935483871,14
58,41,1,Travel_Rarely,Research & Development,12,Universitaria,Technical Degree,Media,Alta,5,Research Director,Alta,Married,19545,1,No,12,Alta,Muy_Alta,0,23,0,22,15,8,234540,49253.4,0.0967741935483871,14
60,34,0,Non-Travel,Sales,23,Universitaria,Marketing,Media,Alta,2,Sales Executive,Alta,Single,4568,0,No,20,Muy_Alta,Alta,0,10,2,9,8,7,54816,11182.464,0.0967741935483871,14
61,37,0,Travel_Rarely,Research & Development,19,Universitaria,Life Sciences,Media,Alta,1,Research Scientist,Alta,Married,3022,4,No,21,Muy_Alta,Baja,0,8,1,1,0,0,36264,7144.008000000001,0.0967741935483871,14
62,46,0,Travel_Frequently,Sales,5,Universitaria,Marketing,Baja,Alta,2,Sales Executive,Alta,Single,5772,4,Yes,21,Muy_Alta,Alta,0,14,4,9,0,8,69264,14129.856,0.32,10
63,35,0,Travel_Rarely,Research & Development,8,Master,Life Sciences,Muy_Alta,Muy_Alta,1,Laboratory Technician,Muy_Alta,Married,2269,1,No,19,Alta,Muy_Alta,0,1,2,1,0,1,27228,4383.7080000000005,0.6,3
64,48,1,Travel_Rarely,Research & Development,1,Secundaria,Life Sciences,Baja,Media,3,Laboratory Technician,Media,Single,5381,9,Yes,13,Alta,Muy_Alta,0,23,2,1,0,0,64572,13172.687999999998,0.32,10
65,28,1,Travel_Rarely,Research & Development,5,Universitaria,Technical Degree,Alta,Alta,1,Laboratory Technician,Alta,Single,3441,1,Yes,13,Alta,Alta,0,2,3,2,2,2,41292,8134.524,0.32,10
68,44,0,Travel_Rarely,Sales,1,Universitaria,Marketing,Media,Alta,2,Sales Executive,Alta,Divorced,5454,5,Yes,21,Muy_Alta,Alta,1,9,2,4,1,3,65448,13351.392,0.10135135135135136,11
70,35,0,Non-Travel,Research & Development,11,Universitaria,Medical,Alta,Media,3,Healthcare Representative,Media,Married,9884,2,Yes,13,Alta,Alta,1,10,3,4,2,3,118608,24907.68,0.10135135135135136,11
72,26,0,Travel_Rarely,Sales,23,Secundaria,Marketing,Alta,Media,2,Sales Executive,Media,Married,4157,7,Yes,19,Alta,Alta,1,5,2,2,0,0,49884,9827.148000000001,0.10135135135135136,11
73,33,0,Travel_Frequently,Research & Development,1,Universitaria,Life Sciences,Baja,Alta,3,Research Director,Alta,Single,13458,1,Yes,12,Alta,Alta,0,15,1,15,8,12,161496,33914.159999999996,0.32,10
74,35,0,Travel_Frequently,Sales,18,Universitaria,Life Sciences,Media,Alta,3,Sales Executive,Alta,Married,9069,1,No,22,Muy_Alta,Muy_Alta,1,9,3,9,1,8,108828,22853.879999999997,0.0948905109489051,17
75,35,0,Travel_Rarely,Research & Development,23,Universitaria,Medical,Alta,Alta,1,Laboratory Technician,Alta,Married,4014,3,Yes,15,Alta,Alta,1,4,3,2,2,2,48168,9489.096,0.10135135135135136,11
76,31,0,Travel_Rarely,Research & Development,7,Universitaria,Life Sciences,Muy_Alta,Alta,2,Laboratory Technician,Alta,Divorced,5915,3,No,22,Muy_Alta,Muy_Alta,1,10,3,7,1,7,70980,14479.919999999998,0.03409090909090909,18
77,37,0,Travel_Rarely,Research & Development,1,Universitaria,Life Sciences,Baja,Media,2,Manufacturing Director,Media,Divorced,5993,1,No,18,Alta,Alta,1,7,2,7,0,7,71916,14670.864,0.03409090909090909,18
78,32,0,Travel_Rarely,Research & Development,1,Universitaria,Medical,Baja,Alta,2,Manufacturing Director,Alta,Married,6162,1,Yes,22,Muy_Alta,Media,1,9,3,9,7,8,73944,15084.576,0.10135135135135136,11
79,38,0,Travel_Frequently,Research & Development,29,Universitaria,Life Sciences,Muy_Alta,Alta,2,Laboratory Technician,Alta,Single,2406,1,No,11,Alta,Muy_Alta,0,10,2,10,9,9,28872,4648.392,0.0967741935483871,14
80,50,0,Travel_Rarely,Research & Development,7,Secundaria,Medical,Media,Media,5,Research Director,Media,Divorced,18740,5,Yes,12,Alta,Muy_Alta,1,29,2,27,13,8,224880,47224.799999999996,0.10135135135135136,11
81,59,0,Travel_Rarely,Sales,25,Universitaria,Life Sciences,Baja,Alta,3,Sales Executive,Alta,Single,7637,7,No,11,Alta,Muy_Alta,0,28,3,21,7,9,91644,19245.239999999998,0.2647058823529412,15
83,36,0,Travel_Rarely,Research & Development,8,Universitaria,Technical Degree,Alta,Alta,3,Healthcare Representative,Alta,Divorced,10096,1,No,13,Alta,Media,3,17,2,17,12,8,121152,25441.92,0.03409090909090909,18
84,55,0,Travel_Rarely,Research & Development,8,Universitaria,Medical,Muy_Alta,Alta,4,Manager,Alta,Divorced,14756,2,Yes,14,Alta,Alta,3,21,2,5,0,2,177072,37185.119999999995,0.10135135135135136,11
85,36,0,Travel_Frequently,Research & Development,11,Universitaria,Life Sciences,Media,Alta,2,Manufacturing Director,Alta,Single,6499,1,No,13,Alta,Alta,0,6,3,6,0,3,77988,16377.48,0.0967741935483871,14
86,45,0,Travel_Rarely,Research & Development,7,Universitaria,Life Sciences,Media,Alta,3,Research Scientist,Alta,Divorced,9724,2,No,17,Alta,Alta,1,25,2,1,0,0,116688,24504.48,0.03409090909090909,18
88,35,0,Travel_Frequently,Research & Development,1,Universitaria,Medical,Media,Alta,1,Research Scientist,Alta,Married,2194,4,No,13,Alta,Muy_Alta,1,5,2,3,1,2,26328,4238.808,0.03409090909090909,18
90,36,1,Travel_Rarely,Research & Development,9,Secundaria,Medical,Muy_Alta,Media,1,Research Scientist,Media,Married,3388,0,Yes,17,Alta,Baja,1,2,0,1,0,0,40656,8009.232,0.10135135135135136,11
91,59,0,Travel_Frequently,Sales,1,Secundaria,Life Sciences,Baja,Media,2,Sales Executive,Media,Single,5473,7,No,11,Alta,Muy_Alta,0,20,2,4,1,3,65676,13397.903999999999,0.2647058823529412,15
94,29,0,Travel_Rarely,Research & Development,2,Universitaria,Life Sciences,Alta,Alta,1,Research Scientist,Alta,Married,2703,0,No,23,Muy_Alta,Muy_Alta,1,6,3,5,0,4,32436,6389.892,0.03409090909090909,18
95,31,0,Travel_Rarely,Research & Development,1,Universitaria,Medical,Alta,Alta,1,Research Scientist,Alta,Single,2501,1,No,17,Alta,Media,0,1,4,1,1,0,30012,5912.3640000000005,0.3,5
96,32,0,Travel_Rarely,Research & Development,1,Universitaria,Life Sciences,Media,Alta,2,Research Scientist,Alta,Married,6220,1,No,17,Alta,Media,2,10,3,10,0,9,74640,15226.56,0.03409090909090909,18
97,36,0,Travel_Rarely,Research & Development,6,Master,Life Sciences,Media,Muy_Alta,1,Laboratory Technician,Muy_Alta,Married,3038,3,No,12,Alta,Media,0,5,3,1,0,0,36456,7181.832,0.0967741935483871,14
98,31,0,Travel_Rarely,Research & Development,8,Universitaria,Life Sciences,Alta,Alta,2,Manufacturing Director,Alta,Single,4424,1,No,23,Muy_Alta,Muy_Alta,0,11,2,11,1,8,53088,10829.952,0.0967741935483871,14
100,35,0,Travel_Rarely,Sales,1,Secundaria,Marketing,Alta,Media,2,Sales Executive,Media,Single,4312,0,No,14,Alta,Media,0,16,2,15,2,8,51744,10555.776,0.0967741935483871,14
101,45,0,Travel_Rarely,Research & Development,6,Universitaria,Other,Muy_Alta,Alta,3,Research Director,Alta,Married,13245,4,Yes,14,Alta,Media,0,17,3,0,0,0,158940,33377.4,0.32,10
102,37,0,Travel_Rarely,Research & Development,7,Universitaria,Medical,Baja,Alta,3,Research Director,Alta,Single,13664,4,No,13,Alta,Baja,0,16,3,5,0,2,163968,34433.28,0.0967741935483871,14
103,46,0,Travel_Rarely,Human Resources,5,Universitaria,Medical,Media,Alta,2,Human Resources,Alta,Divorced,5021,8,Yes,22,Muy_Alta,Muy_Alta,1,16,2,4,0,2,60252,12291.408,0.10135135135135136,11
104,30,0,Travel_Rarely,Research & Development,1,Secundaria,Life Sciences,Muy_Alta,Media,2,Laboratory Technician,Media,Married,5126,1,Yes,12,Alta,Alta,2,10,1,10,3,0,61512,12548.447999999999,0.10135135135135136,11
105,35,0,Travel_Rarely,Research & Development,1,Secundaria,Medical,Media,Media,1,Research Scientist,Media,Single,2859,1,No,18,Alta,Baja,0,6,3,6,0,4,34308,6758.676,0.0967741935483871,14
106,55,0,Travel_Rarely,Sales,1,Universitaria,Life Sciences,Baja,Alta,3,Sales Executive,Alta,Married,10239,3,No,14,Alta,Muy_Alta,1,24,4,1,1,0,122868,25802.28,0.0948905109489051,17
107,38,0,Non-Travel,Research & Development,6,Primaria,Medical,Media,Baja,2,Research Scientist,Baja,Divorced,5329,7,Yes,12,Alta,Muy_Alta,3,17,3,13,1,9,63948,13045.392,0.10135135135135136,11
110,34,0,Travel_Rarely,Research & Development,1,Universitaria,Medical,Baja,Alta,2,Manufacturing Director,Alta,Married,4325,1,No,15,Alta,Alta,0,5,2,5,1,3,51900,10587.599999999999,0.0967741935483871,14
112,56,0,Travel_Rarely,Research & Development,7,Primaria,Life Sciences,Muy_Alta,Baja,3,Manufacturing Director,Baja,Single,7260,4,No,11,Alta,Baja,0,37,3,6,0,2,87120,18295.2,0.0967741935483871,14
113,23,0,Travel_Rarely,Sales,2,Universitaria,Technical Degree,Alta,Alta,1,Sales Representative,Alta,Divorced,2322,3,No,13,Alta,Alta,1,3,3,0,0,0,27864,4486.104,0.0948905109489051,17
116,51,0,Travel_Rarely,Research & Development,9,Universitaria,Life Sciences,Muy_Alta,Alta,1,Laboratory Technician,Alta,Married,2075,3,No,23,Muy_Alta,Media,2,10,4,4,0,3,24900,4008.9,0.03409090909090909,18
117,30,0,Travel_Rarely,Research & Development,2,Secundaria,Life Sciences,Alta,Media,2,Healthcare Representative,Media,Married,4152,1,No,19,Alta,Baja,3,11,3,11,10,8,49824,9815.328,0.03409090909090909,18
118,46,1,Travel_Rarely,Sales,9,Secundaria,Medical,Alta,Media,3,Sales Executive,Media,Single,9619,1,No,16,Alta,Muy_Alta,0,9,3,9,4,7,115428,24239.879999999997,0.0967741935483871,14
119,40,0,Travel_Frequently,Research & Development,1,Secundaria,Life Sciences,Alta,Media,4,Healthcare Representative,Media,Married,13503,1,No,22,Muy_Alta,Muy_Alta,1,22,3,22,11,11,162036,34027.56,0.03409090909090909,18
120,51,0,Travel_Rarely,Sales,21,Universitaria,Marketing,Alta,Alta,2,Sales Executive,Alta,Single,5441,0,Yes,22,Muy_Alta,Muy_Alta,0,11,2,10,1,0,65292,13319.568,0.32,10
121,30,0,Travel_Rarely,Sales,4,Secundaria,Medical,Alta,Media,2,Sales Executive,Media,Divorced,5209,1,Yes,12,Alta,Media,3,11,4,11,2,7,62508,12751.632,0.10135135135135136,11
124,46,0,Travel_Frequently,Research & Development,1,Secundaria,Medical,Alta,Media,3,Healthcare Representative,Media,Married,10673,2,Yes,13,Alta,Alta,1,21,5,10,9,5,128076,26895.96,0.10135135135135136,11
125,32,0,Travel_Rarely,Sales,6,Universitaria,Medical,Media,Alta,2,Sales Executive,Alta,Single,5010,1,No,16,Alta,Baja,0,12,0,11,5,7,60120,12264.48,0.0967741935483871,14
126,54,0,Travel_Rarely,Research & Development,2,Universitaria,Technical Degree,Baja,Alta,3,Research Director,Alta,Married,13549,9,No,12,Alta,Baja,1,16,5,4,0,3,162588,34143.479999999996,0.03409090909090909,18
128,24,0,Travel_Rarely,Sales,3,Universitaria,Other,Baja,Alta,2,Sales Executive,Alta,Married,4999,0,No,21,Muy_Alta,Baja,1,4,2,3,0,2,59988,12237.552,0.0948905109489051,17
129,28,0,Non-Travel,Sales,4,Universitaria,Medical,Media,Alta,2,Sales Executive,Alta,Married,4221,1,No,15,Alta,Media,0,5,3,5,0,4,50652,10333.008,0.0967741935483871,14
131,58,0,Travel_Rarely,Sales,10,Universitaria,Medical,Muy_Alta,Alta,4,Sales Executive,Alta,Single,13872,0,No,13,Alta,Alta,0,38,1,37,1,8,166464,34957.44,0.0967741935483871,14
132,44,0,Non-Travel,Research & Development,23,Universitaria,Medical,Media,Alta,2,Laboratory Technician,Alta,Married,2042,4,No,12,Alta,Alta,1,17,3,3,1,2,24504,3945.1440000000002,0.03409090909090909,18
133,37,1,Travel_Rarely,Human Resources,6,Universitaria,Human Resources,Alta,Alta,1,Human Resources,Alta,Divorced,2073,4,Yes,22,Muy_Alta,Muy_Alta,0,7,3,3,0,2,24876,4005.036,0.6285714285714286,8
134,32,0,Travel_Rarely,Research & Development,1,Universitaria,Life Sciences,Muy_Alta,Alta,1,Research Scientist,Alta,Single,2956,1,No,13,Alta,Muy_Alta,0,1,2,1,0,0,35472,6987.984,0.3,5
137,20,1,Travel_Frequently,Research & Development,6,Secundaria,Life Sciences,Muy_Alta,Media,1,Laboratory Technician,Media,Single,2926,1,Yes,18,Alta,Media,0,1,5,1,1,0,35112,6917.064,0.9,4
138,34,0,Travel_Rarely,Research & Development,6,Universitaria,Other,Baja,Alta,2,Research Scientist,Alta,Single,4809,1,No,14,Alta,Alta,0,16,3,16,2,10,57708,11772.431999999999,0.0967741935483871,14
139,37,0,Non-Travel,Research & Development,2,Universitaria,Life Sciences,Alta,Media,2,Healthcare Representative,Media,Divorced,5163,5,No,14,Alta,Muy_Alta,1,17,2,1,0,0,61956,12639.024,0.03409090909090909,18
140,59,0,Non-Travel,Human Resources,2,Secundaria,Human Resources,Alta,Media,5,Manager,Media,Married,18844,9,No,21,Muy_Alta,Muy_Alta,1,30,3,3,2,2,226128,47486.88,0.0948905109489051,17
141,50,0,Travel_Frequently,Research & Development,1,Universitaria,Life Sciences,Baja,Alta,5,Research Director,Alta,Married,18172,3,Yes,19,Alta,Baja,0,28,1,8,0,7,218064,45793.439999999995,0.32,10
142,25,1,Travel_Rarely,Sales,5,Secundaria,Marketing,Alta,Media,2,Sales Executive,Media,Single,5744,1,Yes,11,Alta,Muy_Alta,0,6,1,6,0,3,68928,14061.312,0.32,10
143,25,0,Travel_Rarely,Research & Development,7,Secundaria,Medical,Muy_Alta,Media,1,Research Scientist,Media,Married,2889,1,No,11,Alta,Alta,2,2,2,2,2,1,34668,6829.5960000000005,0.03409090909090909,18
144,22,0,Travel_Rarely,Research & Development,15,Universitaria,Medical,Media,Alta,1,Laboratory Technician,Alta,Single,2871,1,No,15,Alta,Alta,0,1,5,0,0,0,34452,6787.044,0.9,4
145,51,0,Travel_Frequently,Research & Development,1,Secundaria,Medical,Baja,Media,3,Healthcare Representative,Alta,Single,7484,3,No,20,Muy_Alta,Alta,0,23,1,13,12,8,89808,18859.68,0.0967741935483871,14
147,34,1,Travel_Frequently,Research & Development,7,Primaria,Life Sciences,Baja,Baja,2,Laboratory Technician,Baja,Single,6074,1,Yes,24,Muy_Alta,Muy_Alta,0,9,3,9,0,6,72888,14869.151999999998,0.32,10
148,54,0,Non-Travel,Human Resources,26,Master,Human Resources,Muy_Alta,Muy_Alta,4,Manager,Muy_Alta,Single,17328,2,Yes,12,Alta,Alta,0,23,3,5,4,4,207936,43666.56,0.32,10
150,24,0,Travel_Rarely,Research & Development,18,Universitaria,Life Sciences,Media,Alta,1,Laboratory Technician,Alta,Married,2774,0,No,12,Alta,Alta,1,6,2,5,1,2,33288,6557.736,0.03409090909090909,18
151,34,0,Travel_Rarely,Research & Development,6,Secundaria,Life Sciences,Alta,Media,2,Research Scientist,Media,Divorced,4505,6,No,15,Alta,Alta,1,12,3,1,0,0,54060,11028.24,0.03409090909090909,18
152,37,0,Travel_Rarely,Sales,3,Universitaria,Life Sciences,Alta,Alta,3,Sales Executive,Alta,Single,7428,2,No,12,Alta,Baja,0,12,3,5,1,3,89136,18718.559999999998,0.0967741935483871,14
153,34,0,Travel_Rarely,Research & Development,5,Secundaria,Medical,Alta,Media,3,Manager,Media,Single,11631,2,No,12,Alta,Muy_Alta,0,14,6,11,5,8,139572,29310.12,0.0967741935483871,14
154,36,0,Travel_Frequently,Sales,11,Universitaria,Technical Degree,Media,Alta,3,Sales Executive,Alta,Married,9738,0,No,14,Alta,Alta,1,10,6,9,2,8,116856,24539.76,0.0948905109489051,17
155,36,0,Travel_Rarely,Research & Development,3,Universitaria,Life Sciences,Baja,Alta,1,Laboratory Technician,Alta,Divorced,2835,5,No,22,Muy_Alta,Baja,1,7,2,1,0,0,34020,6701.9400000000005,0.03409090909090909,18
158,43,0,Travel_Frequently,Sales,26,Universitaria,Life Sciences,Alta,Alta,4,Manager,Alta,Married,16959,1,Yes,12,Alta,Muy_Alta,2,25,3,25,4,12,203508,42736.68,0.10135135135135136,11
159,30,0,Travel_Frequently,Research & Development,23,Primaria,Life Sciences,Baja,Baja,1,Research Scientist,Baja,Divorced,2613,1,No,25,Muy_Alta,Alta,3,10,2,10,0,9,31356,6177.1320000000005,0.03409090909090909,18
160,33,0,Non-Travel,Sales,22,Universitaria,Marketing,Alta,Alta,2,Sales Executive,Alta,Married,6146,0,No,13,Alta,Baja,1,8,2,7,0,7,73752,15045.408,0.0948905109489051,17
161,56,1,Travel_Rarely,Research & Development,14,Universitaria,Life Sciences,Media,Alta,1,Research Scientist,Alta,Married,4963,9,Yes,18,Alta,Baja,3,7,2,5,4,3,59556,12149.423999999999,0.10135135135135136,11
162,51,0,Travel_Rarely,Research & Development,6,Universitaria,Life Sciences,Baja,Alta,5,Research Director,Alta,Single,19537,7,No,13,Alta,Alta,0,23,5,20,15,15,234444,49233.24,0.2647058823529412,15
163,31,1,Travel_Rarely,Sales,6,Primaria,Life Sciences,Media,Baja,2,Sales Executive,Baja,Married,6172,4,Yes,18,Alta,Media,0,12,3,7,7,7,74064,15109.055999999999,0.32,10
164,26,0,Travel_Rarely,Research & Development,6,Secundaria,Other,Alta,Media,1,Research Scientist,Media,Married,2368,1,No,19,Alta,Alta,0,5,3,5,4,3,28416,4574.976000000001,0.0967741935483871,14
165,58,1,Travel_Rarely,Research & Development,23,Universitaria,Medical,Muy_Alta,Alta,3,Healthcare Representative,Alta,Married,10312,1,No,12,Alta,Muy_Alta,1,40,3,40,15,6,123744,25986.239999999998,0.03409090909090909,18
167,19,1,Travel_Rarely,Sales,22,Universitaria,Marketing,Muy_Alta,Alta,1,Sales Representative,Alta,Single,1675,1,Yes,19,Alta,Muy_Alta,0,0,2,0,0,0,20100,3236.1,0.9,4
169,22,0,Travel_Rarely,Research & Development,2,Universitaria,Technical Degree,Alta,Alta,1,Laboratory Technician,Alta,Married,2523,0,No,14,Alta,Alta,1,3,2,2,2,1,30276,5964.372,0.03409090909090909,18
170,49,0,Travel_Rarely,Research & Development,20,Universitaria,Medical,Alta,Alta,2,Manufacturing Director,Alta,Married,6567,1,No,14,Alta,Alta,0,16,2,15,5,11,78804,16548.84,0.0967741935483871,14
171,43,0,Travel_Frequently,Research & Development,28,Master,Medical,Media,Muy_Alta,1,Research Scientist,Muy_Alta,Single,4739,4,No,12,Alta,Muy_Alta,0,18,2,3,1,2,56868,11601.072,0.0967741935483871,14
174,50,0,Travel_Frequently,Sales,12,Universitaria,Marketing,Alta,Alta,3,Sales Executive,Alta,Single,9208,4,No,11,Alta,Muy_Alta,0,16,3,2,2,1,110496,23204.16,0.0967741935483871,14
175,31,1,Travel_Rarely,Sales,20,Primaria,Life Sciences,Media,Baja,2,Sales Executive,Baja,Married,4559,3,Yes,11,Alta,Alta,1,4,2,2,2,2,54708,11160.431999999999,0.10135135135135136,11
176,41,0,Travel_Rarely,Sales,9,Universitaria,Life Sciences,Alta,Alta,3,Sales Executive,Alta,Divorced,8189,3,Yes,13,Alta,Alta,1,12,2,9,0,7,98268,20636.28,0.10135135135135136,11
177,26,0,Travel_Rarely,Human Resources,25,Universitaria,Life Sciences,Alta,Alta,1,Human Resources,Alta,Married,2942,1,No,23,Muy_Alta,Muy_Alta,1,8,3,8,5,7,35304,6954.888,0.0948905109489051,17
178,36,0,Travel_Rarely,Research & Development,6,Universitaria,Medical,Media,Alta,2,Manufacturing Director,Alta,Divorced,4941,6,No,20,Muy_Alta,Muy_Alta,2,7,0,3,0,1,59292,12095.568,0.03409090909090909,18
179,51,1,Travel_Frequently,Research & Development,8,Primaria,Life Sciences,Baja,Baja,3,Manufacturing Director,Baja,Single,10650,2,No,15,Alta,Muy_Alta,0,18,2,4,0,3,127800,26838.0,0.0967741935483871,14
182,39,0,Travel_Rarely,Sales,4,Secundaria,Life Sciences,Muy_Alta,Media,2,Sales Executive,Media,Married,5902,4,No,14,Alta,Alta,1,17,1,15,5,9,70824,14448.096,0.0948905109489051,17
183,25,0,Travel_Rarely,Sales,28,Secundaria,Life Sciences,Baja,Media,2,Sales Executive,Media,Married,8639,2,No,18,Alta,Muy_Alta,0,6,3,2,2,2,103668,21770.28,0.0967741935483871,14
184,30,0,Travel_Rarely,Human Resources,9,Universitaria,Human Resources,Alta,Alta,2,Human Resources,Alta,Married,6347,0,Yes,19,Alta,Muy_Alta,0,12,2,11,4,7,76164,15994.439999999999,0.32,10
190,32,1,Travel_Rarely,Research & Development,9,Universitaria,Medical,Baja,Alta,1,Laboratory Technician,Alta,Single,4200,7,No,22,Muy_Alta,Baja,0,10,2,5,0,4,50400,10281.599999999999,0.2647058823529412,15
192,45,0,Travel_Rarely,Research & Development,29,Universitaria,Medical,Alta,Alta,1,Research Scientist,Alta,Single,3452,5,No,13,Alta,Media,0,9,2,6,0,3,41424,8160.528,0.2647058823529412,15
193,38,0,Travel_Rarely,Research & Development,3,Universitaria,Technical Degree,Muy_Alta,Alta,2,Research Scientist,Alta,Single,4317,3,Yes,20,Muy_Alta,Media,0,19,2,3,2,2,51804,10568.016,0.32,10
194,30,0,Travel_Rarely,Research & Development,18,Universitaria,Life Sciences,Baja,Alta,1,Research Scientist,Alta,Single,2632,1,No,14,Alta,Alta,0,5,4,5,0,4,31584,6222.048000000001,0.0967741935483871,14
195,32,0,Travel_Frequently,Sales,9,Primaria,Medical,Muy_Alta,Baja,2,Sales Executive,Baja,Divorced,4668,0,No,17,Alta,Muy_Alta,3,9,2,8,0,7,56016,11427.264,0.0948905109489051,17
197,30,0,Travel_Rarely,Research & Development,5,Universitaria,Technical Degree,Muy_Alta,Alta,1,Research Scientist,Alta,Divorced,3204,5,No,14,Alta,Muy_Alta,1,8,3,3,2,2,38448,7574.256,0.03409090909090909,18
198,30,0,Travel_Rarely,Research & Development,2,Secundaria,Medical,Media,Media,1,Laboratory Technician,Media,Single,2720,0,No,13,Alta,Muy_Alta,0,6,3,5,1,2,32640,6430.08,0.0967741935483871,14
199,41,0,Travel_Frequently,Research & Development,10,Secundaria,Life Sciences,Muy_Alta,Media,4,Manager,Media,Divorced,17181,4,No,13,Alta,Media,1,21,2,7,7,7,206172,43296.119999999995,0.03409090909090909,18
200,41,0,Travel_Rarely,Research & Development,9,Universitaria,Life Sciences,Alta,Alta,1,Laboratory Technician,Alta,Married,2238,2,No,21,Muy_Alta,Muy_Alta,1,7,2,5,1,4,26856,4323.816,0.03409090909090909,18
201,19,0,Travel_Rarely,Research & Development,3,Universitaria,Medical,Media,Alta,1,Laboratory Technician,Alta,Single,1483,1,No,14,Alta,Muy_Alta,0,1,3,1,0,0,17796,2865.156,0.9,4
202,40,0,Travel_Frequently,Research & Development,26,Universitaria,Medical,Media,Alta,2,Research Scientist,Alta,Divorced,5605,1,No,11,Alta,Baja,1,20,2,20,2,13,67260,13721.039999999999,0.03409090909090909,18
204,35,0,Travel_Rarely,Sales,1,Universitaria,Marketing,Alta,Alta,3,Sales Executive,Alta,Married,7295,1,No,13,Alta,Baja,2,10,3,10,0,6,87540,18383.399999999998,0.0948905109489051,17
205,53,0,Travel_Rarely,Sales,6,Universitaria,Marketing,Media,Alta,2,Sales Representative,Alta,Married,2306,2,Yes,20,Muy_Alta,Muy_Alta,1,13,3,7,4,5,27672,4455.192,0.6285714285714286,8
206,45,0,Travel_Rarely,Research & Development,9,Universitaria,Life Sciences,Media,Alta,2,Laboratory Technician,Alta,Divorced,2348,8,No,18,Alta,Alta,1,20,2,17,0,15,28176,4536.336,0.03409090909090909,18
207,32,0,Travel_Frequently,Sales,8,Universitaria,Marketing,Media,Alta,3,Sales Executive,Alta,Single,8998,1,No,14,Alta,Muy_Alta,0,9,2,9,3,7,107976,22674.96,0.0967741935483871,14
208,29,0,Non-Travel,Research & Development,1,Universitaria,Technical Degree,Muy_Alta,Alta,2,Manufacturing Director,Alta,Married,4319,1,No,13,Alta,Baja,1,10,1,10,0,9,51828,10572.911999999998,0.03409090909090909,18
211,51,0,Travel_Rarely,Research & Development,7,Universitaria,Medical,Media,Alta,2,Manufacturing Director,Alta,Married,6132,2,No,17,Alta,Alta,0,10,2,1,0,0,73584,15011.135999999999,0.0967741935483871,14
214,58,0,Travel_Rarely,Research & Development,9,Secundaria,Medical,Media,Media,1,Research Scientist,Media,Married,3346,4,Yes,20,Muy_Alta,Media,1,9,3,1,0,0,40152,7909.944,0.10135135135135136,11
215,40,0,Travel_Rarely,Sales,4,Secundaria,Marketing,Alta,Media,3,Sales Executive,Media,Married,10855,7,No,11,Alta,Baja,1,15,2,12,2,11,130260,27354.6,0.0948905109489051,17
216,34,0,Travel_Frequently,Sales,2,Universitaria,Marketing,Alta,Alta,1,Sales Representative,Alta,Married,2231,6,No,18,Alta,Muy_Alta,1,6,3,4,1,2,26772,4310.292,0.0948905109489051,17
217,22,0,Travel_Rarely,Research & Development,19,Universitaria,Medical,Alta,Alta,1,Research Scientist,Alta,Married,2323,1,No,24,Muy_Alta,Baja,2,2,6,2,2,2,27876,4488.036,0.03409090909090909,18
218,27,0,Non-Travel,Research & Development,9,Universitaria,Medical,Muy_Alta,Alta,1,Research Scientist,Alta,Divorced,2024,6,No,18,Alta,Muy_Alta,1,6,1,2,2,2,24288,3910.368,0.03409090909090909,18
221,28,0,Travel_Rarely,Research & Development,21,Universitaria,Medical,Alta,Alta,1,Research Scientist,Alta,Married,2713,1,No,11,Alta,Alta,1,5,2,5,0,2,32556,6413.532,0.03409090909090909,18
223,57,0,Travel_Rarely,Research & Development,24,Master,Life Sciences,Alta,Muy_Alta,3,Healthcare Representative,Muy_Alta,Divorced,9439,3,Yes,16,Alta,Media,1,12,2,5,1,4,113268,23786.28,0.10135135135135136,11
224,27,0,Non-Travel,Research & Development,3,Secundaria,Medical,Alta,Media,1,Research Scientist,Media,Divorced,2566,1,Yes,15,Alta,Muy_Alta,1,1,2,1,0,1,30792,6066.024,0.3,5
226,50,0,Travel_Rarely,Research & Development,11,Universitaria,Life Sciences,Alta,Alta,5,Manager,Alta,Single,19926,3,No,15,Alta,Media,0,21,5,5,4,4,239112,50213.52,0.0967741935483871,14
227,41,0,Travel_Rarely,Research & Development,14,Universitaria,Life Sciences,Baja,Alta,1,Research Scientist,Alta,Divorced,2451,4,No,12,Alta,Baja,1,13,2,9,1,8,29412,4735.332,0.03409090909090909,18
228,30,0,Travel_Rarely,Sales,5,Universitaria,Life Sciences,Media,Alta,3,Sales Executive,Alta,Married,9419,2,No,12,Alta,Alta,1,12,2,10,7,4,113028,23735.879999999997,0.0948905109489051,17
230,38,0,Travel_Rarely,Sales,1,Universitaria,Life Sciences,Baja,Media,2,Sales Executive,Media,Single,8686,4,No,22,Muy_Alta,Alta,0,12,2,8,0,7,104232,21888.719999999998,0.0967741935483871,14
231,32,0,Travel_Rarely,Research & Development,6,Universitaria,Life Sciences,Alta,Alta,1,Research Scientist,Alta,Single,3038,3,No,20,Muy_Alta,Baja,0,8,2,5,1,4,36456,7181.832,0.0967741935483871,14
233,27,0,Travel_Rarely,Research & Development,17,Universitaria,Technical Degree,Alta,Alta,1,Research Scientist,Alta,Married,3058,0,Yes,16,Alta,Muy_Alta,1,6,3,5,1,1,36696,7229.112,0.10135135135135136,11
235,19,1,Travel_Frequently,Sales,1,Primaria,Technical Degree,Alta,Baja,1,Sales Representative,Baja,Single,2325,0,No,21,Muy_Alta,Baja,0,1,5,0,0,0,27900,4491.900000000001,0.9,4
238,36,0,Travel_Frequently,Research & Development,3,Universitaria,Medical,Muy_Alta,Alta,1,Laboratory Technician,Alta,Single,2088,4,No,12,Alta,Alta,0,13,3,8,7,2,25056,4034.016,0.0967741935483871,14
239,30,0,Non-Travel,Research & Development,9,Universitaria,Medical,Alta,Alta,2,Laboratory Technician,Alta,Divorced,3072,1,No,11,Alta,Alta,2,12,4,12,6,10,36864,7262.2080000000005,0.03409090909090909,18
240,45,0,Travel_Rarely,Sales,4,Universitaria,Life Sciences,Alta,Alta,2,Sales Executive,Alta,Divorced,5006,4,Yes,11,Alta,Baja,1,9,3,5,0,3,60072,12254.688,0.10135135135135136,11
241,56,0,Travel_Rarely,Research & Development,8,Universitaria,Life Sciences,Alta,Alta,1,Research Scientist,Alta,Divorced,4257,4,Yes,18,Alta,Alta,1,19,3,2,2,2,51084,10421.135999999999,0.10135135135135136,11
242,33,0,Travel_Rarely,Research & Development,2,Universitaria,Life Sciences,Alta,Alta,1,Research Scientist,Alta,Single,2500,0,No,14,Alta,Baja,0,4,2,3,0,2,30000,4830.0,0.0967741935483871,14
243,19,1,Travel_Rarely,Research & Development,2,Secundaria,Life Sciences,Media,Media,1,Laboratory Technician,Media,Single,1102,1,No,22,Muy_Alta,Alta,0,1,3,1,1,0,13224,2129.064,0.9,4
244,46,0,Travel_Rarely,Sales,1,Universitaria,Marketing,Media,Alta,3,Sales Executive,Alta,Divorced,10453,1,No,25,Muy_Alta,Alta,3,24,2,24,15,7,125436,26341.559999999998,0.0948905109489051,17
245,38,0,Travel_Rarely,Research & Development,9,Universitaria,Life Sciences,Alta,Alta,1,Laboratory Technician,Alta,Single,2288,1,No,12,Alta,Alta,0,2,3,2,2,1,27456,4420.416,0.0967741935483871,14
246,31,0,Travel_Rarely,Research & Development,12,Universitaria,Medical,Alta,Alta,1,Research Scientist,Alta,Married,3929,8,Yes,23,Muy_Alta,Alta,1,7,0,4,0,2,47148,9288.156,0.10135135135135136,11
247,34,0,Travel_Rarely,Research & Development,27,Universitaria,Medical,Muy_Alta,Alta,1,Research Scientist,Alta,Single,2311,2,No,15,Alta,Muy_Alta,0,9,3,3,1,2,27732,4464.852,0.0967741935483871,14
248,41,1,Travel_Rarely,Sales,20,Universitaria,Marketing,Media,Alta,1,Sales Representative,Alta,Single,3140,1,Yes,22,Muy_Alta,Muy_Alta,0,4,5,4,0,2,37680,7422.96,0.32,10
249,50,0,Travel_Rarely,Research & Development,1,Secundaria,Medical,Alta,Media,1,Laboratory Technician,Media,Married,3690,2,No,15,Alta,Muy_Alta,1,5,2,3,0,2,44280,8723.16,0.03409090909090909,18
250,53,0,Travel_Rarely,Research & Development,13,Master,Medical,Muy_Alta,Muy_Alta,2,Manufacturing Director,Muy_Alta,Divorced,4450,1,No,11,Alta,Alta,2,5,3,4,1,3,53400,10893.599999999999,0.03409090909090909,18
252,33,0,Travel_Rarely,Research & Development,14,Universitaria,Medical,Muy_Alta,Alta,1,Research Scientist,Alta,Married,2756,1,No,13,Alta,Muy_Alta,1,8,5,8,1,6,33072,6515.184,0.03409090909090909,18
253,40,0,Travel_Rarely,Research & Development,4,Universitaria,Medical,Muy_Alta,Alta,5,Manager,Alta,Married,19033,1,No,14,Alta,Media,1,21,2,20,9,9,228396,47963.159999999996,0.03409090909090909,18
254,55,0,Travel_Rarely,Research & Development,14,Master,Medical,Alta,Muy_Alta,5,Research Director,Muy_Alta,Single,18722,8,No,11,Alta,Muy_Alta,0,36,3,24,2,15,224664,47179.439999999995,0.2647058823529412,15
256,34,0,Travel_Frequently,Research & Development,2,Secundaria,Life Sciences,Muy_Alta,Media,2,Manufacturing Director,Media,Married,9547,1,No,17,Alta,Alta,0,10,2,10,1,9,114564,24058.44,0.0967741935483871,14
258,51,0,Travel_Rarely,Research & Development,3,Universitaria,Medical,Muy_Alta,Alta,4,Healthcare Representative,Alta,Single,13734,3,No,18,Alta,Alta,0,21,6,7,1,0,164808,34609.68,0.0967741935483871,14
259,52,0,Travel_Rarely,Research & Development,1,Secundaria,Life Sciences,Alta,Media,5,Manager,Media,Married,19999,0,No,14,Alta,Baja,1,34,5,33,11,9,239988,50397.479999999996,0.03409090909090909,18
260,27,0,Travel_Rarely,Research & Development,9,Universitaria,Medical,Muy_Alta,Alta,1,Research Scientist,Alta,Single,2279,1,No,16,Alta,Muy_Alta,0,7,2,7,0,3,27348,4403.028,0.0967741935483871,14
261,35,1,Travel_Rarely,Research & Development,23,Secundaria,Life Sciences,Media,Media,2,Manufacturing Director,Media,Married,5916,3,Yes,13,Alta,Baja,0,8,1,1,0,1,70992,14482.367999999999,0.32,10
262,43,0,Non-Travel,Research & Development,7,Master,Medical,Muy_Alta,Muy_Alta,1,Research Scientist,Muy_Alta,Divorced,2089,4,No,14,Alta,Muy_Alta,3,7,3,5,2,2,25068,4035.9480000000003,0.03409090909090909,18
264,45,0,Non-Travel,Research & Development,2,Secundaria,Medical,Baja,Media,4,Manager,Media,Married,16792,9,No,23,Muy_Alta,Muy_Alta,1,22,1,20,11,8,201504,42315.84,0.03409090909090909,18
267,37,0,Travel_Rarely,Research & Development,21,Master,Life Sciences,Media,Muy_Alta,1,Research Scientist,Muy_Alta,Married,3564,1,Yes,12,Alta,Baja,1,8,3,8,1,7,42768,8425.296,0.10135135135135136,11
269,35,0,Travel_Frequently,Research & Development,2,Universitaria,Medical,Media,Alta,2,Laboratory Technician,Alta,Single,4425,5,No,11,Alta,Muy_Alta,0,10,5,6,1,2,53100,10832.4,0.2647058823529412,15
270,42,0,Non-Travel,Research & Development,21,Universitaria,Medical,Alta,Alta,2,Manufacturing Director,Alta,Divorced,5265,2,No,16,Alta,Media,1,11,5,5,0,2,63180,12888.72,0.03409090909090909,18
271,38,0,Travel_Rarely,Research & Development,2,Universitaria,Life Sciences,Muy_Alta,Alta,2,Manufacturing Director,Alta,Married,6553,9,No,14,Alta,Media,0,14,3,1,0,0,78636,16513.559999999998,0.2647058823529412,15
273,38,0,Travel_Rarely,Research & Development,29,Universitaria,Technical Degree,Muy_Alta,Alta,2,Manufacturing Director,Alta,Married,6261,3,No,18,Alta,Baja,1,9,3,7,1,7,75132,15777.72,0.03409090909090909,18
274,27,0,Travel_Frequently,Research & Development,1,Secundaria,Technical Degree,Alta,Media,2,Manufacturing Director,Media,Married,4298,5,No,19,Alta,Alta,1,6,1,2,2,0,51576,10521.503999999999,0.03409090909090909,18
275,49,0,Non-Travel,Research & Development,18,Universitaria,Life Sciences,Muy_Alta,Alta,2,Manufacturing Director,Alta,Divorced,6804,1,Yes,15,Alta,Baja,2,7,0,7,1,7,81648,17146.079999999998,0.10135135135135136,11
277,34,0,Travel_Frequently,Research & Development,10,Universitaria,Medical,Muy_Alta,Alta,1,Research Scientist,Alta,Divorced,3815,1,Yes,17,Alta,Muy_Alta,1,5,4,5,2,0,45780,9018.66,0.10135135135135136,11
281,40,0,Travel_Rarely,Research & Development,19,Universitaria,Medical,Alta,Alta,2,Laboratory Technician,Alta,Married,2741,8,Yes,15,Alta,Alta,1,15,2,7,3,7,32892,6479.724,0.10135135135135136,11
282,38,1,Travel_Rarely,Research & Development,29,Universitaria,Medical,Media,Alta,2,Healthcare Representative,Alta,Married,6673,7,Yes,19,Alta,Media,0,17,2,1,0,0,80076,16815.96,0.32,10
283,29,1,Travel_Rarely,Sales,27,Universitaria,Marketing,Media,Alta,3,Sales Executive,Alta,Married,7639,1,No,22,Muy_Alta,Muy_Alta,3,10,3,10,1,9,91668,19250.28,0.0948905109489051,17
284,22,0,Travel_Rarely,Research & Development,5,Master,Life Sciences,Muy_Alta,Muy_Alta,1,Research Scientist,Muy_Alta,Divorced,2328,1,Yes,16,Alta,Baja,1,4,2,4,2,2,27936,4497.696,0.6285714285714286,8
286,36,0,Travel_Frequently,Research & Development,18,Universitaria,Medical,Media,Alta,1,Laboratory Technician,Alta,Single,2153,1,No,13,Alta,Baja,0,8,2,8,1,7,25836,4159.5960000000005,0.0967741935483871,14
287,40,0,Non-Travel,Research & Development,9,Secundaria,Life Sciences,Muy_Alta,Media,2,Healthcare Representative,Media,Married,4876,9,No,14,Alta,Muy_Alta,1,5,5,3,0,2,58512,11936.447999999999,0.03409090909090909,18
288,46,0,Travel_Rarely,Research & Development,1,Universitaria,Medical,Muy_Alta,Alta,3,Healthcare Representative,Alta,Divorced,9396,7,No,16,Alta,Alta,1,17,3,4,0,3,112752,23677.92,0.03409090909090909,18
291,32,1,Travel_Rarely,Sales,4,Primaria,Medical,Muy_Alta,Baja,3,Sales Executive,Baja,Married,10400,1,No,11,Alta,Alta,0,14,2,14,9,8,124800,26208.0,0.0967741935483871,14
292,30,0,Non-Travel,Research & Development,1,Secundaria,Life Sciences,Alta,Media,3,Manufacturing Director,Media,Single,8474,1,No,22,Muy_Alta,Alta,0,12,2,11,5,8,101688,21354.48,0.0967741935483871,14
293,27,0,Travel_Frequently,Sales,20,Universitaria,Life Sciences,Muy_Alta,Alta,2,Sales Executive,Alta,Single,9981,1,No,14,Alta,Muy_Alta,0,7,2,7,0,7,119772,25152.12,0.0967741935483871,14
296,51,0,Travel_Rarely,Research & Development,8,Secundaria,Life Sciences,Media,Media,3,Research Director,Media,Married,12490,5,No,16,Alta,Muy_Alta,2,16,5,10,4,7,149880,31474.8,0.03409090909090909,18
297,30,1,Travel_Rarely,Research & Development,3,Universitaria,Technical Degree,Muy_Alta,Alta,1,Research Scientist,Alta,Single,2657,5,Yes,11,Alta,Alta,0,8,5,5,0,4,31884,6281.148,0.32,10
298,41,0,Travel_Rarely,Sales,6,Universitaria,Life Sciences,Muy_Alta,Alta,3,Manager,Alta,Single,13591,3,Yes,18,Alta,Alta,0,16,3,1,0,0,163092,34249.32,0.32,10
299,30,1,Travel_Frequently,Sales,26,Secundaria,Marketing,Alta,Media,2,Sales Executive,Media,Single,6696,5,No,15,Alta,Alta,0,9,5,6,0,1,80352,16873.92,0.2647058823529412,15
300,29,1,Travel_Rarely,Research & Development,1,Universitaria,Technical Degree,Alta,Alta,1,Research Scientist,Alta,Single,2058,0,No,14,Alta,Muy_Alta,0,7,1,6,1,5,24696,3976.056,0.0967741935483871,14
302,45,0,Non-Travel,Sales,6,Secundaria,Medical,Muy_Alta,Media,3,Sales Executive,Media,Single,8865,6,No,12,Alta,Muy_Alta,0,23,2,19,12,8,106380,22339.8,0.2647058823529412,15
303,54,0,Travel_Rarely,Sales,3,Universitaria,Marketing,Muy_Alta,Alta,2,Sales Executive,Alta,Married,5940,2,No,14,Alta,Muy_Alta,1,16,4,6,0,5,71280,14541.119999999999,0.0948905109489051,17
304,36,0,Travel_Rarely,Research & Development,5,Universitaria,Life Sciences,Muy_Alta,Alta,2,Laboratory Technician,Alta,Single,5914,8,No,16,Alta,Muy_Alta,0,16,3,13,3,7,70968,14477.472,0.2647058823529412,15
305,33,0,Travel_Rarely,Research & Development,4,Secundaria,Medical,Alta,Media,1,Research Scientist,Media,Married,2622,6,No,21,Muy_Alta,Muy_Alta,0,7,3,3,1,1,31464,6198.408,0.2647058823529412,15
306,37,0,Travel_Frequently,Research & Development,11,Universitaria,Other,Media,Alta,3,Research Director,Alta,Divorced,12185,1,Yes,14,Alta,Alta,3,10,1,10,0,7,146220,30706.199999999997,0.10135135135135136,11
307,38,0,Travel_Rarely,Sales,3,Universitaria,Life Sciences,Baja,Alta,3,Sales Executive,Alta,Divorced,10609,0,No,12,Alta,Alta,2,17,6,16,5,13,127308,26734.68,0.0948905109489051,17
308,31,0,Non-Travel,Research & Development,1,Primaria,Medical,Alta,Baja,2,Manufacturing Director,Baja,Married,4345,0,No,12,Alta,Muy_Alta,1,6,2,5,1,4,52140,10636.56,0.03409090909090909,18
309,59,0,Travel_Rarely,Research & Development,3,Secundaria,Life Sciences,Alta,Media,1,Research Scientist,Media,Married,2177,3,No,17,Alta,Baja,1,7,6,1,0,0,26124,4205.964,0.03409090909090909,18
311,37,0,Travel_Frequently,Sales,4,Universitaria,Marketing,Baja,Alta,1,Sales Representative,Alta,Divorced,2793,4,No,17,Alta,Alta,1,13,2,9,5,8,33516,6602.652,0.0948905109489051,17
312,29,0,Travel_Frequently,Sales,1,Universitaria,Medical,Media,Alta,3,Sales Executive,Alta,Married,7918,1,No,14,Alta,Muy_Alta,1,11,5,11,4,1,95016,19953.36,0.0948905109489051,17
314,35,0,Travel_Frequently,Sales,1,Universitaria,Marketing,Alta,Alta,3,Sales Executive,Alta,Single,8789,1,No,14,Alta,Baja,0,10,3,10,0,8,105468,22148.28,0.0967741935483871,14
315,29,1,Travel_Rarely,Research & Development,18,Secundaria,Medical,Alta,Media,1,Research Scientist,Media,Single,2389,1,Yes,13,Alta,Alta,0,4,3,4,0,1,28668,4615.548,0.6285714285714286,8
316,52,0,Travel_Rarely,Research & Development,2,Secundaria,Life Sciences,Alta,Media,1,Laboratory Technician,Media,Single,3212,7,No,15,Alta,Media,0,6,3,2,2,2,38544,7593.168000000001,0.2647058823529412,15
319,42,0,Travel_Rarely,Research & Development,4,Universitaria,Technical Degree,Alta,Alta,5,Manager,Alta,Married,19232,1,No,11,Alta,Muy_Alta,0,22,3,22,11,15,230784,48464.64,0.0967741935483871,14
321,59,0,Travel_Rarely,Human Resources,6,Universitaria,Medical,Media,Alta,1,Human Resources,Alta,Married,2267,8,No,17,Alta,Muy_Alta,0,7,2,2,2,2,27204,4379.844,0.2647058823529412,15
323,50,0,Travel_Rarely,Sales,1,Universitaria,Medical,Muy_Alta,Alta,5,Manager,Alta,Divorced,19517,3,No,11,Alta,Alta,1,32,3,7,0,6,234204,49182.84,0.0948905109489051,17
325,33,1,Travel_Rarely,Research & Development,14,Universitaria,Medical,Alta,Alta,1,Laboratory Technician,Alta,Married,2436,5,Yes,13,Alta,Alta,1,8,2,5,0,4,29232,4706.352,0.6285714285714286,8
327,43,0,Travel_Rarely,Sales,16,Universitaria,Marketing,Muy_Alta,Alta,4,Manager,Alta,Married,16064,5,Yes,22,Muy_Alta,Alta,1,22,3,17,1,9,192768,40481.28,0.10135135135135136,11
328,33,1,Travel_Rarely,Research & Development,2,Universitaria,Life Sciences,Baja,Alta,1,Laboratory Technician,Alta,Married,2707,7,No,20,Muy_Alta,Baja,0,13,3,9,1,7,32484,6399.348,0.2647058823529412,15
329,52,0,Non-Travel,Sales,2,Secundaria,Life Sciences,Baja,Media,5,Manager,Media,Single,19068,1,Yes,18,Alta,Muy_Alta,0,33,2,33,15,12,228816,48051.36,0.32,10
330,32,0,Travel_Rarely,Sales,4,Universitaria,Life Sciences,Alta,Alta,1,Sales Representative,Alta,Married,3931,2,No,11,Alta,Baja,1,6,5,4,1,2,47172,9292.884,0.0948905109489051,17
331,32,1,Travel_Rarely,Research & Development,1,Secundaria,Life Sciences,Muy_Alta,Media,1,Laboratory Technician,Media,Single,3730,0,Yes,14,Alta,Muy_Alta,0,4,2,3,1,2,44760,8817.720000000001,0.32,10
332,39,0,Travel_Rarely,Research & Development,1,Universitaria,Medical,Alta,Alta,1,Laboratory Technician,Alta,Divorced,2232,7,No,14,Alta,Alta,3,7,1,3,1,2,26784,4312.224,0.03409090909090909,18
333,32,0,Non-Travel,Sales,26,Universitaria,Marketing,Alta,Alta,2,Sales Executive,Alta,Married,4465,0,No,18,Alta,Baja,0,4,2,3,2,2,53580,10930.32,0.0967741935483871,14
334,41,0,Travel_Rarely,Research & Development,19,Universitaria,Life Sciences,Alta,Alta,2,Research Scientist,Alta,Divorced,3072,2,No,16,Alta,Baja,2,17,2,1,0,0,36864,7262.2080000000005,0.03409090909090909,18
335,40,0,Travel_Rarely,Research & Development,24,Universitaria,Technical Degree,Baja,Alta,2,Research Scientist,Alta,Divorced,3319,1,No,17,Alta,Baja,2,9,3,9,4,7,39828,7846.116,0.03409090909090909,18
336,45,0,Travel_Rarely,Research & Development,1,Master,Other,Alta,Muy_Alta,5,Manager,Muy_Alta,Married,19202,0,No,11,Alta,Alta,1,25,2,24,1,7,230424,48389.04,0.03409090909090909,18
337,31,0,Travel_Frequently,Research & Development,3,Universitaria,Medical,Media,Alta,3,Research Director,Alta,Divorced,13675,9,No,12,Alta,Baja,1,9,3,2,2,2,164100,34461.0,0.03409090909090909,18
338,33,0,Travel_Rarely,Research & Development,5,Secundaria,Life Sciences,Alta,Media,1,Research Scientist,Media,Married,2911,1,No,13,Alta,Alta,1,2,2,2,0,2,34932,6881.604,0.03409090909090909,18
339,34,0,Travel_Rarely,Research & Development,2,Secundaria,Life Sciences,Muy_Alta,Media,2,Manufacturing Director,Media,Married,5957,6,No,13,Alta,Media,1,13,3,11,5,9,71484,14582.735999999999,0.03409090909090909,18
340,37,0,Travel_Rarely,Research & Development,1,Secundaria,Medical,Alta,Media,1,Research Scientist,Media,Married,3920,2,No,14,Alta,Baja,1,17,2,3,0,2,47040,9266.880000000001,0.03409090909090909,18
341,45,0,Travel_Frequently,Research & Development,7,Master,Life Sciences,Baja,Muy_Alta,2,Manufacturing Director,Muy_Alta,Married,6434,4,No,17,Alta,Muy_Alta,1,9,1,3,0,2,77208,16213.68,0.03409090909090909,18
342,37,1,Travel_Frequently,Research & Development,10,Universitaria,Medical,Baja,Alta,3,Manufacturing Director,Alta,Divorced,10048,6,No,11,Alta,Media,2,17,5,1,0,0,120576,25320.96,0.03409090909090909,18
343,39,0,Travel_Frequently,Research & Development,2,Universitaria,Technical Degree,Alta,Alta,3,Healthcare Representative,Alta,Single,10938,0,No,25,Muy_Alta,Muy_Alta,0,20,1,19,11,8,131256,27563.76,0.0967741935483871,14
346,29,0,Travel_Rarely,Research & Development,15,Universitaria,Life Sciences,Alta,Alta,1,Research Scientist,Alta,Single,2340,1,No,19,Alta,Baja,0,6,1,6,1,5,28080,4520.88,0.0967741935483871,14
347,42,0,Travel_Rarely,Research & Development,17,Master,Life Sciences,Muy_Alta,Muy_Alta,2,Research Scientist,Muy_Alta,Single,6545,3,Yes,13,Alta,Alta,0,10,1,3,0,2,78540,16493.399999999998,0.32,10
349,29,0,Travel_Rarely,Sales,20,Universitaria,Marketing,Muy_Alta,Alta,2,Sales Executive,Alta,Divorced,6931,2,No,14,Alta,Muy_Alta,1,10,2,3,0,2,83172,17466.12,0.0948905109489051,17
350,25,0,Travel_Rarely,Research & Development,1,Universitaria,Life Sciences,Baja,Alta,2,Manufacturing Director,Alta,Married,4898,0,No,12,Alta,Muy_Alta,2,5,3,4,1,2,58776,11990.304,0.03409090909090909,18
351,42,0,Travel_Rarely,Research & Development,2,Secundaria,Medical,Muy_Alta,Media,1,Laboratory Technician,Media,Divorced,2593,0,Yes,11,Alta,Alta,1,10,4,9,7,8,31116,6129.852,0.10135135135135136,11
352,40,0,Travel_Rarely,Research & Development,2,Universitaria,Medical,Baja,Alta,5,Research Director,Alta,Divorced,19436,0,No,19,Alta,Muy_Alta,1,22,5,21,3,9,233232,48978.72,0.03409090909090909,18
353,51,0,Travel_Rarely,Research & Development,1,Universitaria,Life Sciences,Alta,Alta,1,Research Scientist,Alta,Married,2723,1,No,11,Alta,Media,0,1,0,1,0,0,32676,6437.1720000000005,0.3,5
355,31,1,Travel_Frequently,Research & Development,29,Secundaria,Medical,Alta,Media,1,Laboratory Technician,Media,Single,3479,0,No,11,Alta,Media,0,6,2,5,1,4,41748,8224.356,0.0967741935483871,14
359,32,0,Travel_Frequently,Research & Development,7,Master,Life Sciences,Media,Muy_Alta,1,Laboratory Technician,Muy_Alta,Married,2794,1,No,20,Muy_Alta,Alta,0,5,3,5,0,3,33528,6605.0160000000005,0.0967741935483871,14
361,38,0,Non-Travel,Sales,2,Secundaria,Life Sciences,Muy_Alta,Media,2,Sales Executive,Media,Married,5249,3,No,18,Alta,Muy_Alta,1,13,0,8,7,5,62988,12849.552,0.0948905109489051,17
362,32,0,Travel_Rarely,Research & Development,2,Secundaria,Technical Degree,Muy_Alta,Media,2,Laboratory Technician,Media,Single,2176,4,No,13,Alta,Muy_Alta,0,9,5,6,0,4,26112,4204.032,0.0967741935483871,14
363,46,0,Travel_Rarely,Sales,2,Primaria,Technical Degree,Alta,Baja,4,Manager,Baja,Married,16872,3,Yes,12,Alta,Media,1,28,2,7,7,7,202464,42517.439999999995,0.10135135135135136,11
364,28,1,Travel_Rarely,Research & Development,2,Universitaria,Life Sciences,Baja,Alta,1,Laboratory Technician,Alta,Single,3485,2,No,11,Alta,Alta,0,5,5,0,0,0,41820,8238.54,0.0967741935483871,14
366,29,0,Travel_Rarely,Sales,2,Secundaria,Medical,Baja,Media,2,Sales Executive,Media,Married,6644,2,No,19,Alta,Media,2,10,2,0,0,0,79728,16742.88,0.0948905109489051,17
367,31,0,Travel_Rarely,Research & Development,23,Secundaria,Medical,Media,Media,2,Healthcare Representative,Media,Married,5582,0,No,21,Muy_Alta,Media,1,10,2,9,7,8,66984,13664.735999999999,0.03409090909090909,18
369,25,0,Non-Travel,Research & Development,5,Master,Life Sciences,Media,Muy_Alta,2,Healthcare Representative,Muy_Alta,Divorced,4000,1,No,12,Alta,Muy_Alta,2,6,2,6,1,5,48000,9456.0,0.03409090909090909,18
372,45,0,Travel_Rarely,Research & Development,20,Universitaria,Medical,Alta,Alta,4,Healthcare Representative,Alta,Married,13496,0,Yes,14,Alta,Media,0,21,2,20,4,10,161952,34009.92,0.32,10
373,36,0,Travel_Rarely,Research & Development,6,Universitaria,Life Sciences,Muy_Alta,Alta,1,Laboratory Technician,Alta,Married,3210,0,No,11,Alta,Alta,1,16,4,15,10,11,38520,7588.4400000000005,0.03409090909090909,18
374,55,0,Travel_Rarely,Research & Development,1,Universitaria,Medical,Muy_Alta,Alta,5,Manager,Alta,Single,19045,0,Yes,14,Alta,Alta,0,37,2,36,4,13,228540,47993.4,0.32,10
376,47,1,Non-Travel,Research & Development,29,Universitaria,Life Sciences,Baja,Alta,3,Manager,Alta,Married,11849,1,Yes,12,Alta,Muy_Alta,1,10,2,10,9,9,142188,29859.48,0.10135135135135136,11
377,28,0,Travel_Rarely,Research & Development,9,Universitaria,Medical,Muy_Alta,Alta,1,Research Scientist,Alta,Married,2070,1,No,23,Muy_Alta,Muy_Alta,1,5,3,5,0,4,24840,3999.2400000000002,0.03409090909090909,18
378,37,0,Travel_Rarely,Sales,6,Universitaria,Medical,Alta,Alta,2,Sales Executive,Alta,Married,6502,4,No,14,Alta,Media,1,7,5,5,0,1,78024,16385.04,0.0948905109489051,17
379,21,0,Travel_Rarely,Research & Development,3,Secundaria,Medical,Muy_Alta,Media,1,Research Scientist,Media,Single,3230,1,No,17,Alta,Baja,0,3,4,3,1,0,38760,7635.72,0.0967741935483871,14
380,37,0,Non-Travel,Research & Development,1,Universitaria,Medical,Baja,Alta,3,Research Director,Alta,Divorced,13603,2,Yes,18,Alta,Baja,2,15,2,5,0,2,163236,34279.56,0.10135135135135136,11
381,35,0,Travel_Rarely,Research & Development,22,Master,Life Sciences,Media,Muy_Alta,3,Manager,Muy_Alta,Divorced,11996,7,No,18,Alta,Media,1,10,6,7,6,2,143952,30229.92,0.03409090909090909,18
382,38,0,Travel_Rarely,Sales,7,Universitaria,Medical,Baja,Muy_Alta,2,Sales Executive,Muy_Alta,Divorced,5605,1,Yes,24,Muy_Alta,Alta,1,8,3,8,7,7,67260,13721.039999999999,0.10135135135135136,11
384,26,0,Travel_Frequently,Research & Development,1,Universitaria,Life Sciences,Alta,Alta,2,Manufacturing Director,Alta,Divorced,6397,1,No,20,Muy_Alta,Baja,1,6,6,6,1,4,76764,16120.439999999999,0.03409090909090909,18
385,50,0,Travel_Rarely,Research & Development,4,Universitaria,Life Sciences,Baja,Alta,5,Research Director,Alta,Divorced,19144,3,No,14,Alta,Baja,2,28,4,10,1,6,229728,48242.88,0.03409090909090909,18
386,53,0,Travel_Rarely,Research & Development,3,Universitaria,Medical,Alta,Alta,4,Research Director,Alta,Married,17584,3,Yes,16,Alta,Muy_Alta,3,21,5,5,1,3,211008,44311.68,0.10135135135135136,11
387,42,0,Travel_Rarely,Sales,1,Universitaria,Life Sciences,Media,Alta,2,Sales Executive,Alta,Married,4907,1,No,25,Muy_Alta,Alta,0,20,3,20,11,6,58884,12012.336,0.0967741935483871,14
388,29,0,Travel_Frequently,Sales,2,Universitaria,Life Sciences,Media,Alta,2,Sales Executive,Alta,Single,4554,1,No,18,Alta,Baja,0,10,3,10,0,9,54648,11148.192,0.0967741935483871,14
389,55,0,Travel_Rarely,Research & Development,20,Universitaria,Technical Degree,Media,Alta,2,Laboratory Technician,Alta,Married,5415,3,Yes,19,Alta,Muy_Alta,1,12,4,10,0,8,64980,13255.919999999998,0.10135135135135136,11
390,26,0,Travel_Frequently,Research & Development,11,Universitaria,Medical,Baja,Alta,2,Healthcare Representative,Alta,Married,4741,1,Yes,13,Alta,Alta,1,5,3,5,3,3,56892,11605.967999999999,0.10135135135135136,11
391,37,0,Travel_Rarely,Research & Development,1,Universitaria,Life Sciences,Muy_Alta,Alta,1,Research Scientist,Alta,Single,2115,1,No,12,Alta,Media,0,17,3,17,5,7,25380,4086.1800000000003,0.0967741935483871,14
392,44,1,Travel_Frequently,Research & Development,24,Universitaria,Life Sciences,Muy_Alta,Alta,1,Laboratory Technician,Alta,Divorced,3161,3,Yes,22,Muy_Alta,Muy_Alta,1,19,0,1,0,0,37932,7472.604,0.10135135135135136,11
393,38,0,Travel_Rarely,Research & Development,23,Universitaria,Life Sciences,Muy_Alta,Alta,2,Healthcare Representative,Alta,Divorced,5745,9,No,14,Alta,Media,1,10,2,2,1,2,68940,14063.759999999998,0.03409090909090909,18
394,26,1,Travel_Rarely,Research & Development,16,Universitaria,Medical,Baja,Alta,1,Laboratory Technician,Alta,Divorced,2373,2,Yes,13,Alta,Muy_Alta,1,5,2,3,0,2,28476,4584.636,0.6285714285714286,8
395,28,0,Travel_Rarely,Research & Development,8,Universitaria,Life Sciences,Muy_Alta,Alta,1,Research Scientist,Alta,Single,3310,1,No,21,Muy_Alta,Muy_Alta,0,5,3,5,0,2,39720,7824.84,0.0967741935483871,14
396,49,0,Travel_Frequently,Research & Development,10,Universitaria,Life Sciences,Alta,Alta,5,Research Director,Alta,Single,18665,9,Yes,11,Alta,Muy_Alta,0,22,4,3,1,2,223980,47035.799999999996,0.32,10
397,36,0,Travel_Rarely,Research & Development,3,Universitaria,Technical Degree,Alta,Alta,2,Research Scientist,Alta,Single,4485,4,No,12,Alta,Muy_Alta,0,10,2,8,7,7,53820,10979.279999999999,0.0967741935483871,14
399,31,0,Travel_Frequently,Sales,5,Universitaria,Marketing,Muy_Alta,Alta,1,Sales Representative,Alta,Divorced,2789,1,No,11,Alta,Alta,1,2,5,2,2,2,33468,6593.196,0.0948905109489051,17
401,26,1,Travel_Rarely,Sales,4,Secundaria,Marketing,Muy_Alta,Media,2,Sales Executive,Media,Single,5828,1,Yes,12,Alta,Media,0,8,0,8,7,4,69936,14266.944,0.32,10
403,37,0,Travel_Frequently,Research & Development,9,Universitaria,Medical,Media,Alta,1,Research Scientist,Alta,Married,2326,1,Yes,12,Alta,Alta,3,4,3,4,1,2,27912,4493.832,0.6285714285714286,8
404,42,0,Travel_Frequently,Sales,26,Universitaria,Marketing,Alta,Alta,4,Sales Executive,Alta,Married,13525,5,No,14,Alta,Muy_Alta,1,23,2,20,4,8,162300,34083.0,0.0948905109489051,17
405,18,1,Travel_Rarely,Research & Development,3,Universitaria,Life Sciences,Alta,Alta,1,Laboratory Technician,Alta,Single,1420,1,No,13,Alta,Alta,0,0,2,0,0,0,17040,2743.44,0.9,4
406,35,0,Travel_Rarely,Sales,16,Universitaria,Marketing,Alta,Alta,3,Sales Executive,Alta,Married,8020,0,No,15,Alta,Alta,2,12,3,11,6,9,96240,20210.399999999998,0.0948905109489051,17
407,36,0,Travel_Frequently,Research & Development,18,Master,Life Sciences,Alta,Muy_Alta,1,Laboratory Technician,Muy_Alta,Married,3688,4,No,18,Alta,Muy_Alta,2,4,2,1,0,0,44256,8718.432,0.03409090909090909,18
408,51,0,Travel_Rarely,Research & Development,2,Primaria,Medical,Muy_Alta,Baja,2,Manufacturing Director,Baja,Divorced,5482,5,No,18,Alta,Muy_Alta,1,13,3,4,1,2,65784,13419.936,0.03409090909090909,18
410,41,0,Travel_Rarely,Sales,2,Universitaria,Life Sciences,Muy_Alta,Alta,4,Manager,Alta,Single,16015,1,No,19,Alta,Media,0,22,2,22,0,4,192180,40357.799999999996,0.0967741935483871,14
411,18,0,Travel_Rarely,Sales,10,Secundaria,Medical,Muy_Alta,Media,1,Sales Representative,Media,Single,1200,1,No,12,Alta,Baja,0,0,2,0,0,0,14400,2318.4,0.9,4
412,28,0,Travel_Rarely,Research & Development,16,Master,Medical,Media,Muy_Alta,2,Healthcare Representative,Muy_Alta,Single,5661,0,No,19,Alta,Alta,0,9,2,8,0,7,67932,13858.127999999999,0.0967741935483871,14
416,31,0,Travel_Rarely,Sales,7,Master,Technical Degree,Media,Muy_Alta,2,Sales Executive,Muy_Alta,Married,6929,4,No,11,Alta,Media,1,10,3,8,7,7,83148,17461.079999999998,0.0948905109489051,17
417,39,0,Travel_Rarely,Research & Development,1,Master,Medical,Alta,Muy_Alta,3,Healthcare Representative,Muy_Alta,Divorced,9613,0,No,17,Alta,Baja,3,19,5,18,3,7,115356,24224.76,0.03409090909090909,18
419,36,0,Non-Travel,Research & Development,24,Universitaria,Life Sciences,Media,Alta,2,Laboratory Technician,Alta,Married,5674,7,No,15,Alta,Alta,1,11,3,9,0,8,68088,13889.952,0.03409090909090909,18
420,32,0,Travel_Rarely,Sales,7,Secundaria,Life Sciences,Muy_Alta,Media,2,Sales Executive,Media,Married,5484,1,No,14,Alta,Alta,1,13,3,13,4,8,65808,13424.831999999999,0.0948905109489051,17
421,38,0,Travel_Rarely,Research & Development,25,Secundaria,Life Sciences,Baja,Media,3,Research Director,Media,Married,12061,3,No,17,Alta,Alta,1,19,2,10,0,1,144732,30393.719999999998,0.03409090909090909,18
422,58,0,Non-Travel,Research & Development,1,Primaria,Life Sciences,Muy_Alta,Baja,2,Healthcare Representative,Baja,Divorced,5660,2,Yes,13,Alta,Muy_Alta,1,12,2,5,1,2,67920,13855.679999999998,0.10135135135135136,11
423,31,0,Travel_Rarely,Research & Development,5,Universitaria,Technical Degree,Alta,Alta,1,Research Scientist,Alta,Married,4821,0,Yes,12,Alta,Alta,1,6,4,5,0,3,57852,11801.807999999999,0.10135135135135136,11
424,31,0,Travel_Rarely,Human Resources,2,Secundaria,Human Resources,Baja,Media,2,Human Resources,Media,Married,6410,3,No,12,Alta,Muy_Alta,0,9,1,2,1,0,76920,16153.199999999999,0.0967741935483871,14
425,45,0,Travel_Frequently,Research & Development,7,Universitaria,Life Sciences,Baja,Alta,3,Laboratory Technician,Alta,Divorced,5210,1,No,18,Alta,Baja,1,24,2,24,9,11,62520,12754.08,0.03409090909090909,18
426,31,0,Travel_Rarely,Research & Development,2,Universitaria,Life Sciences,Alta,Alta,1,Research Scientist,Alta,Divorced,2695,0,Yes,18,Alta,Media,1,3,2,2,2,2,32340,6370.9800000000005,0.10135135135135136,11
428,33,0,Travel_Frequently,Research & Development,5,Universitaria,Life Sciences,Muy_Alta,Alta,3,Manager,Alta,Married,11878,6,No,11,Alta,Media,2,12,2,10,8,8,142536,29932.559999999998,0.03409090909090909,18
429,39,0,Travel_Rarely,Research & Development,10,Universitaria,Medical,Alta,Alta,4,Manager,Alta,Married,17068,1,Yes,14,Alta,Muy_Alta,0,21,3,21,11,10,204816,43011.36,0.32,10
430,43,0,Travel_Frequently,Research & Development,10,Universitaria,Life Sciences,Alta,Alta,1,Laboratory Technician,Alta,Single,2455,0,No,19,Alta,Baja,0,9,5,8,1,7,29460,4743.06,0.0967741935483871,14
431,49,0,Travel_Rarely,Research & Development,1,Secundaria,Technical Degree,Alta,Media,4,Healthcare Representative,Media,Single,13964,7,Yes,12,Alta,Muy_Alta,0,25,2,7,0,7,167568,35189.28,0.32,10
433,52,1,Travel_Rarely,Research & Development,8,Secundaria,Medical,Alta,Media,2,Research Scientist,Media,Married,4941,2,No,15,Alta,Baja,0,11,3,8,7,7,59292,12095.568,0.0967741935483871,14
434,27,0,Travel_Rarely,Research & Development,5,Universitaria,Life Sciences,Alta,Alta,1,Research Scientist,Alta,Single,2478,1,Yes,12,Alta,Media,0,4,2,4,1,2,29736,4787.496,0.32,10
436,32,0,Travel_Rarely,Sales,8,Universitaria,Technical Degree,Alta,Media,2,Sales Executive,Media,Married,5228,1,Yes,11,Alta,Muy_Alta,0,13,2,13,11,9,62736,12798.143999999998,0.32,10
437,27,0,Travel_Rarely,Sales,2,Universitaria,Life Sciences,Muy_Alta,Alta,2,Sales Executive,Alta,Single,4478,1,Yes,11,Alta,Baja,0,5,3,5,0,4,53736,10962.143999999998,0.32,10
438,31,0,Travel_Rarely,Sales,7,Universitaria,Marketing,Muy_Alta,Alta,2,Sales Executive,Alta,Divorced,7547,4,No,12,Alta,Muy_Alta,3,13,3,7,1,7,90564,19018.44,0.0948905109489051,17
439,32,0,Travel_Rarely,Research & Development,2,Master,Medical,Baja,Muy_Alta,2,Research Scientist,Muy_Alta,Single,5055,7,No,16,Alta,Alta,0,10,0,7,0,7,60660,12374.64,0.2647058823529412,15
440,28,1,Travel_Rarely,Research & Development,2,Primaria,Medical,Baja,Baja,1,Research Scientist,Baja,Married,3464,5,Yes,13,Alta,Muy_Alta,0,5,4,3,2,2,41568,8188.896000000001,0.32,10
441,30,0,Travel_Rarely,Research & Development,28,Universitaria,Medical,Muy_Alta,Alta,2,Research Scientist,Alta,Married,5775,1,No,13,Alta,Muy_Alta,2,11,2,10,1,9,69300,14137.199999999999,0.03409090909090909,18
442,31,0,Travel_Frequently,Research & Development,7,Secundaria,Life Sciences,Alta,Media,3,Manufacturing Director,Media,Married,8943,1,No,24,Muy_Alta,Baja,1,10,2,10,8,9,107316,22536.36,0.03409090909090909,18
444,39,0,Travel_Frequently,Research & Development,7,Secundaria,Medical,Alta,Media,5,Manager,Media,Married,19272,1,No,15,Alta,Baja,1,21,2,21,13,3,231264,48565.439999999995,0.03409090909090909,18
445,39,1,Travel_Rarely,Sales,3,Universitaria,Medical,Muy_Alta,Alta,2,Sales Executive,Alta,Married,5238,4,Yes,18,Alta,Baja,0,12,3,1,0,0,62856,12822.624,0.32,10
446,33,0,Travel_Frequently,Sales,10,Secundaria,Marketing,Media,Media,2,Sales Executive,Media,Single,4682,3,No,14,Alta,Alta,0,9,6,7,0,1,56184,11461.536,0.0967741935483871,14
447,47,0,Travel_Rarely,Research & Development,5,Universitaria,Life Sciences,Muy_Alta,Alta,5,Research Director,Alta,Married,18300,4,No,11,Alta,Media,1,21,2,3,1,1,219600,46116.0,0.03409090909090909,18
448,43,0,Travel_Frequently,Research & Development,10,Secundaria,Life Sciences,Alta,Media,2,Laboratory Technician,Media,Divorced,5257,1,No,11,Alta,Media,1,9,3,9,0,0,63084,12869.135999999999,0.03409090909090909,18
449,27,0,Non-Travel,Sales,1,Universitaria,Marketing,Alta,Alta,2,Sales Executive,Alta,Married,6349,0,Yes,13,Alta,Muy_Alta,1,6,0,5,1,4,76188,15999.48,0.10135135135135136,11
450,54,0,Travel_Frequently,Research & Development,20,Universitaria,Life Sciences,Muy_Alta,Alta,2,Research Scientist,Alta,Single,4869,3,No,12,Alta,Muy_Alta,0,20,4,4,0,3,58428,11919.312,0.0967741935483871,14
451,43,0,Travel_Rarely,Research & Development,7,Universitaria,Life Sciences,Alta,Alta,3,Healthcare Representative,Alta,Married,9985,8,No,16,Alta,Baja,1,10,1,1,0,0,119820,25162.2,0.03409090909090909,18
452,45,0,Travel_Rarely,Research & Development,8,Universitaria,Other,Muy_Alta,Alta,2,Research Scientist,Alta,Married,3697,9,No,14,Alta,Baja,2,12,3,10,9,8,44364,8739.708,0.03409090909090909,18
453,40,0,Travel_Rarely,Sales,1,Primaria,Medical,Media,Baja,2,Sales Executive,Baja,Married,7457,2,Yes,22,Muy_Alta,Alta,3,6,2,4,0,2,89484,18791.64,0.10135135135135136,11
454,29,1,Travel_Rarely,Research & Development,8,Primaria,Other,Media,Baja,1,Laboratory Technician,Baja,Married,2119,1,Yes,11,Alta,Muy_Alta,0,7,4,7,0,7,25428,4093.908,0.6285714285714286,8
455,29,0,Travel_Rarely,Research & Development,9,Secundaria,Other,Media,Media,1,Laboratory Technician,Media,Single,3983,0,No,17,Alta,Alta,0,4,2,3,2,2,47796,9415.812,0.0967741935483871,14
456,30,0,Travel_Rarely,Sales,5,Secundaria,Marketing,Muy_Alta,Media,2,Sales Executive,Media,Divorced,6118,1,No,13,Alta,Alta,3,10,2,10,1,2,73416,14976.864,0.0948905109489051,17
458,27,0,Travel_Rarely,Sales,8,Universitaria,Marketing,Media,Alta,2,Sales Executive,Alta,Married,6214,1,No,18,Alta,Baja,1,8,3,8,0,7,74568,15211.872,0.0948905109489051,17
460,37,0,Travel_Rarely,Research & Development,5,Universitaria,Medical,Muy_Alta,Alta,2,Manufacturing Director,Alta,Divorced,6347,7,No,16,Alta,Alta,2,8,2,6,0,4,76164,15994.439999999999,0.03409090909090909,18
461,38,0,Travel_Rarely,Research & Development,15,Secundaria,Life Sciences,Alta,Media,3,Research Director,Media,Divorced,11510,0,Yes,14,Alta,Media,1,12,3,11,2,9,138120,29005.2,0.10135135135135136,11
462,31,0,Travel_Rarely,Research & Development,7,Universitaria,Medical,Alta,Alta,3,Manufacturing Director,Alta,Single,7143,1,Yes,14,Alta,Alta,0,11,2,11,4,10,85716,18000.36,0.32,10
463,29,0,Travel_Rarely,Sales,10,Secundaria,Marketing,Muy_Alta,Media,2,Sales Executive,Media,Divorced,8268,1,Yes,14,Alta,Baja,2,7,2,7,1,7,99216,20835.36,0.10135135135135136,11
464,35,0,Travel_Rarely,Research & Development,5,Universitaria,Technical Degree,Alta,Alta,3,Manufacturing Director,Alta,Single,8095,0,No,13,Alta,Muy_Alta,0,17,5,16,0,13,97140,20399.399999999998,0.0967741935483871,14
465,23,0,Travel_Rarely,Research & Development,26,Universitaria,Life Sciences,Alta,Alta,1,Research Scientist,Alta,Divorced,2904,1,No,12,Alta,Alta,2,4,2,4,0,2,34848,6865.0560000000005,0.03409090909090909,18
466,41,0,Travel_Rarely,Research & Development,6,Secundaria,Medical,Muy_Alta,Media,2,Manufacturing Director,Media,Single,6032,6,Yes,15,Alta,Muy_Alta,0,8,3,5,1,2,72384,14766.336,0.32,10
467,47,0,Travel_Frequently,Sales,4,Universitaria,Medical,Media,Alta,2,Sales Representative,Alta,Single,2976,3,No,19,Alta,Baja,0,5,3,0,0,0,35712,7035.264,0.0967741935483871,14
468,42,0,Travel_Rarely,Research & Development,23,Universitaria,Life Sciences,Baja,Alta,4,Research Director,Alta,Single,15992,2,No,14,Alta,Media,0,16,2,1,0,0,191904,40299.84,0.0967741935483871,14
469,29,0,Non-Travel,Sales,2,Universitaria,Life Sciences,Muy_Alta,Alta,2,Sales Executive,Alta,Married,4649,1,No,14,Alta,Baja,1,4,3,4,0,2,55788,11380.751999999999,0.0948905109489051,17
470,42,0,Travel_Rarely,Human Resources,2,Universitaria,Technical Degree,Alta,Alta,1,Human Resources,Alta,Divorced,2696,0,Yes,11,Alta,Alta,1,4,5,3,1,0,32352,6373.344,0.10135135135135136,11
471,32,0,Travel_Rarely,Research & Development,2,Universitaria,Medical,Alta,Alta,1,Laboratory Technician,Alta,Married,2370,1,No,13,Alta,Alta,1,8,4,8,0,7,28440,4578.84,0.03409090909090909,18
473,48,0,Travel_Rarely,Sales,29,Universitaria,Medical,Baja,Alta,3,Manager,Alta,Married,12504,3,No,21,Muy_Alta,Media,1,15,3,0,0,0,150048,31510.079999999998,0.0948905109489051,17
474,37,0,Travel_Rarely,Research & Development,6,Master,Medical,Alta,Muy_Alta,2,Research Scientist,Muy_Alta,Divorced,5974,4,Yes,13,Alta,Baja,2,13,2,7,6,7,71688,14624.351999999999,0.10135135135135136,11
475,30,0,Non-Travel,Sales,25,Universitaria,Technical Degree,Muy_Alta,Alta,2,Sales Executive,Alta,Married,4736,7,Yes,12,Alta,Media,1,4,2,2,2,2,56832,11593.728,0.10135135135135136,11
476,26,0,Travel_Rarely,Sales,1,Universitaria,Life Sciences,Alta,Alta,2,Sales Executive,Alta,Married,5296,1,No,17,Alta,Media,1,8,3,8,7,7,63552,12964.607999999998,0.0948905109489051,17
477,42,0,Travel_Rarely,Research & Development,2,Secundaria,Other,Baja,Media,2,Healthcare Representative,Media,Single,6781,3,No,23,Muy_Alta,Media,0,14,6,1,0,0,81372,17088.12,0.0967741935483871,14
478,21,1,Travel_Frequently,Sales,1,Secundaria,Technical Degree,Baja,Media,1,Sales Representative,Media,Single,2174,1,Yes,11,Alta,Alta,0,3,3,3,1,2,26088,4200.168,0.6285714285714286,8
479,36,0,Non-Travel,Sales,1,Universitaria,Medical,Muy_Alta,Alta,2,Sales Executive,Alta,Single,6653,4,No,15,Alta,Media,0,7,6,1,0,0,79836,16765.559999999998,0.0967741935483871,14
481,36,0,Travel_Frequently,Sales,3,Secundaria,Medical,Baja,Media,3,Sales Executive,Media,Married,9699,4,No,11,Alta,Baja,1,16,2,13,1,12,116388,24441.48,0.0948905109489051,17
482,57,0,Travel_Rarely,Research & Development,1,Universitaria,Medical,Muy_Alta,Alta,2,Healthcare Representative,Alta,Married,6755,2,No,11,Alta,Alta,0,15,2,3,1,2,81060,17022.6,0.0967741935483871,14
483,40,0,Travel_Rarely,Research & Development,10,Master,Life Sciences,Muy_Alta,Muy_Alta,1,Laboratory Technician,Muy_Alta,Married,2213,3,Yes,13,Alta,Alta,1,10,3,7,1,7,26556,4275.5160000000005,0.6285714285714286,8
484,21,0,Non-Travel,Sales,9,Universitaria,Medical,Baja,Alta,1,Sales Representative,Alta,Single,2610,1,No,24,Muy_Alta,Alta,0,3,3,3,2,2,31320,6170.04,0.0967741935483871,14
485,33,1,Travel_Rarely,Sales,5,Universitaria,Marketing,Muy_Alta,Alta,1,Sales Representative,Alta,Single,2851,1,Yes,13,Alta,Media,0,1,2,1,0,0,34212,6739.764,0.9,4
486,37,0,Travel_Rarely,Research & Development,10,Universitaria,Medical,Alta,Alta,1,Laboratory Technician,Alta,Married,3452,6,No,20,Muy_Alta,Media,1,17,3,5,0,3,41424,8160.528,0.03409090909090909,18
487,46,0,Non-Travel,Research & Development,7,Universitaria,Medical,Alta,Alta,2,Manufacturing Director,Alta,Married,5258,2,No,14,Alta,Alta,0,7,2,1,0,0,63096,12871.583999999999,0.0967741935483871,14
488,41,1,Travel_Frequently,Sales,4,Universitaria,Marketing,Baja,Alta,2,Sales Executive,Alta,Single,9355,1,No,18,Alta,Alta,0,8,5,8,7,7,112260,23574.6,0.0967741935483871,14
491,50,0,Travel_Rarely,Research & Development,10,Secundaria,Technical Degree,Muy_Alta,Media,3,Healthcare Representative,Media,Single,10496,6,No,15,Alta,Muy_Alta,0,20,2,4,1,3,125952,26449.92,0.2647058823529412,15
492,40,1,Travel_Rarely,Sales,22,Secundaria,Marketing,Alta,Media,2,Sales Executive,Media,Married,6380,2,Yes,12,Alta,Baja,2,8,6,6,1,0,76560,16077.599999999999,0.10135135135135136,11
493,31,0,Travel_Rarely,Research & Development,9,Secundaria,Life Sciences,Alta,Media,1,Research Scientist,Media,Single,2657,0,Yes,16,Alta,Muy_Alta,0,3,5,2,2,2,31884,6281.148,0.32,10
494,21,1,Travel_Rarely,Sales,12,Master,Life Sciences,Alta,Muy_Alta,1,Sales Representative,Alta,Single,2716,1,No,15,Alta,Muy_Alta,0,1,0,1,0,0,32592,6420.624000000001,0.9,4
495,29,0,Travel_Rarely,Research & Development,23,Universitaria,Life Sciences,Muy_Alta,Alta,1,Research Scientist,Alta,Single,2201,9,No,16,Alta,Muy_Alta,0,6,4,3,1,2,26412,4252.332,0.2647058823529412,15
496,35,0,Travel_Rarely,Research & Development,9,Secundaria,Life Sciences,Alta,Media,2,Healthcare Representative,Media,Single,6540,9,No,19,Alta,Alta,0,10,5,1,0,0,78480,16480.8,0.2647058823529412,15
497,27,0,Travel_Rarely,Research & Development,1,Universitaria,Medical,Muy_Alta,Alta,1,Laboratory Technician,Alta,Divorced,3816,1,No,11,Alta,Media,1,5,2,5,0,4,45792,9021.024000000001,0.03409090909090909,18
498,28,0,Travel_Rarely,Sales,9,Universitaria,Life Sciences,Media,Alta,2,Sales Executive,Alta,Single,5253,1,No,16,Alta,Muy_Alta,0,7,1,7,0,7,63036,12859.344,0.0967741935483871,14
499,49,0,Travel_Rarely,Research & Development,7,Secundaria,Other,Media,Media,3,Healthcare Representative,Media,Single,10965,8,No,24,Muy_Alta,Alta,0,26,2,5,0,0,131580,27631.8,0.2647058823529412,15
500,51,0,Travel_Rarely,Sales,14,Universitaria,Life Sciences,Alta,Alta,2,Sales Executive,Alta,Married,4936,4,No,11,Alta,Alta,1,18,2,7,0,7,59232,12083.328,0.0948905109489051,17
501,36,0,Travel_Rarely,Research & Development,2,Universitaria,Life Sciences,Muy_Alta,Alta,1,Research Scientist,Alta,Married,2543,4,No,13,Alta,Media,1,6,3,2,2,2,30516,6011.652,0.03409090909090909,18
502,34,1,Non-Travel,Sales,19,Master,Marketing,Baja,Muy_Alta,2,Sales Executive,Muy_Alta,Single,5304,8,Yes,13,Alta,Media,0,9,3,5,0,4,63648,12984.192,0.32,10
505,55,0,Travel_Rarely,Research & Development,2,Universitaria,Life Sciences,Alta,Alta,4,Manager,Alta,Single,16659,2,Yes,13,Alta,Alta,0,30,2,5,1,2,199908,41980.68,0.32,10
507,24,0,Travel_Rarely,Sales,10,Universitaria,Marketing,Muy_Alta,Alta,2,Sales Executive,Alta,Divorced,4260,1,Yes,12,Alta,Muy_Alta,1,5,2,5,0,3,51120,10428.48,0.10135135135135136,11
508,30,0,Travel_Rarely,Sales,2,Universitaria,Technical Degree,Alta,Alta,1,Sales Representative,Alta,Married,2476,1,No,18,Alta,Baja,1,1,3,1,0,0,29712,4783.6320000000005,0.6,3
510,26,1,Travel_Frequently,Research & Development,3,Universitaria,Technical Degree,Alta,Alta,1,Research Scientist,Alta,Single,3102,0,No,22,Muy_Alta,Alta,0,7,2,6,0,4,37224,7333.128000000001,0.0967741935483871,14
511,22,0,Travel_Rarely,Research & Development,11,Universitaria,Medical,Baja,Alta,1,Research Scientist,Alta,Married,2244,1,No,13,Alta,Muy_Alta,1,2,1,2,1,2,26928,4335.408,0.03409090909090909,18
513,36,0,Travel_Rarely,Sales,2,Universitaria,Medical,Media,Media,3,Sales Executive,Media,Married,7596,1,No,13,Alta,Media,2,10,2,10,9,0,91152,19141.92,0.0948905109489051,17
514,30,1,Travel_Frequently,Research & Development,4,Universitaria,Technical Degree,Alta,Alta,1,Research Scientist,Alta,Single,2285,9,Yes,23,Muy_Alta,Alta,0,3,4,1,0,0,27420,4414.62,0.6285714285714286,8
515,37,0,Travel_Rarely,Research & Development,14,Universitaria,Life Sciences,Muy_Alta,Alta,1,Laboratory Technician,Alta,Divorced,3034,1,No,12,Alta,Alta,1,18,2,18,12,17,36408,7172.376,0.03409090909090909,18
516,40,0,Travel_Rarely,Sales,2,Universitaria,Marketing,Muy_Alta,Alta,2,Sales Executive,Alta,Divorced,5715,7,No,12,Alta,Alta,2,8,5,5,1,3,68580,13990.32,0.0948905109489051,17
517,42,0,Travel_Rarely,Research & Development,1,Universitaria,Life Sciences,Media,Alta,1,Laboratory Technician,Alta,Divorced,2576,3,No,16,Alta,Media,1,8,5,5,1,2,30912,6089.664000000001,0.03409090909090909,18
518,37,0,Travel_Rarely,Research & Development,10,Universitaria,Life Sciences,Alta,Alta,2,Manufacturing Director,Alta,Single,4197,2,Yes,12,Alta,Muy_Alta,0,18,2,1,0,1,50364,10274.256,0.32,10
520,43,0,Travel_Rarely,Research & Development,12,Secundaria,Life Sciences,Baja,Media,4,Research Director,Media,Divorced,14336,1,No,11,Alta,Alta,1,25,3,25,3,9,172032,36126.72,0.03409090909090909,18
521,40,0,Travel_Rarely,Research & Development,2,Secundaria,Medical,Media,Media,2,Laboratory Technician,Alta,Married,3448,6,No,22,Muy_Alta,Media,1,20,3,1,0,0,41376,8151.072,0.03409090909090909,18
522,54,0,Travel_Rarely,Research & Development,5,Universitaria,Medical,Baja,Alta,5,Research Director,Alta,Married,19406,4,No,11,Alta,Alta,1,24,4,4,1,2,232872,48903.119999999995,0.03409090909090909,18
523,34,0,Non-Travel,Sales,4,Universitaria,Marketing,Alta,Alta,2,Sales Executive,Alta,Married,6538,9,No,15,Alta,Baja,1,6,3,3,1,2,78456,16475.76,0.0948905109489051,17
524,31,0,Travel_Rarely,Research & Development,7,Universitaria,Medical,Media,Alta,2,Manufacturing Director,Alta,Married,4306,1,No,12,Alta,Media,1,13,5,13,3,12,51672,10541.088,0.03409090909090909,18
525,43,0,Travel_Frequently,Research & Development,21,Universitaria,Medical,Muy_Alta,Alta,1,Laboratory Technician,Alta,Married,2258,7,No,20,Muy_Alta,Baja,1,8,1,3,1,2,27096,4362.456,0.03409090909090909,18
526,43,0,Travel_Rarely,Research & Development,8,Universitaria,Other,Alta,Alta,2,Healthcare Representative,Alta,Divorced,4522,4,Yes,14,Alta,Muy_Alta,0,8,3,5,0,2,54264,11069.856,0.32,10
527,25,0,Travel_Rarely,Sales,4,Secundaria,Life Sciences,Media,Media,2,Sales Executive,Media,Single,4487,1,Yes,11,Alta,Media,0,5,3,5,1,3,53844,10984.176,0.32,10
529,37,0,Non-Travel,Research & Development,25,Universitaria,Medical,Media,Alta,2,Research Scientist,Alta,Married,4449,3,Yes,15,Alta,Baja,2,15,2,13,10,7,53388,10891.152,0.10135135135135136,11
530,31,0,Travel_Rarely,Research & Development,1,Secundaria,Life Sciences,Muy_Alta,Media,1,Laboratory Technician,Media,Married,2218,1,No,12,Alta,Alta,1,4,3,4,3,2,26616,4285.176,0.03409090909090909,18
531,39,0,Travel_Frequently,Research & Development,1,Universitaria,Life Sciences,Media,Alta,5,Manager,Alta,Divorced,19197,1,Yes,14,Alta,Alta,1,21,3,21,1,6,230364,48376.439999999995,0.10135135135135136,11
532,56,0,Travel_Frequently,Sales,6,Master,Life Sciences,Alta,Muy_Alta,4,Sales Executive,Muy_Alta,Married,13212,9,No,11,Alta,Muy_Alta,3,36,0,7,7,7,158544,33294.24,0.0948905109489051,17
533,30,0,Travel_Rarely,Sales,12,Universitaria,Technical Degree,Media,Alta,2,Sales Executive,Alta,Single,6577,0,No,11,Alta,Media,0,6,6,5,4,4,78924,16574.04,0.0967741935483871,14
534,41,0,Travel_Rarely,Sales,1,Master,Marketing,Media,Muy_Alta,3,Sales Executive,Alta,Married,8392,1,No,16,Alta,Alta,1,10,2,10,0,7,100704,21147.84,0.0948905109489051,17
536,28,0,Travel_Rarely,Research & Development,17,Universitaria,Medical,Alta,Alta,2,Laboratory Technician,Alta,Divorced,4558,1,No,12,Alta,Muy_Alta,1,10,2,10,1,8,54696,11157.983999999999,0.03409090909090909,18
538,25,1,Travel_Rarely,Research & Development,3,Universitaria,Medical,Baja,Alta,1,Laboratory Technician,Alta,Married,4031,5,No,13,Alta,Alta,1,6,5,2,0,2,48372,9529.284,0.03409090909090909,18
543,52,0,Travel_Rarely,Research & Development,3,Secundaria,Medical,Muy_Alta,Media,3,Manufacturing Director,Media,Married,7969,2,Yes,14,Alta,Alta,0,28,4,5,0,4,95628,20081.88,0.32,10
544,45,0,Travel_Rarely,Research & Development,10,Universitaria,Life Sciences,Baja,Alta,1,Research Scientist,Alta,Married,2654,3,No,21,Muy_Alta,Muy_Alta,2,8,3,2,0,2,31848,6274.0560000000005,0.03409090909090909,18
546,52,0,Travel_Rarely,Research & Development,4,Universitaria,Life Sciences,Muy_Alta,Alta,4,Manager,Alta,Married,16555,2,No,13,Alta,Muy_Alta,0,31,2,5,1,4,198660,41718.6,0.0967741935483871,14
547,42,0,Travel_Frequently,Research & Development,29,Universitaria,Life Sciences,Baja,Alta,2,Research Scientist,Alta,Divorced,4556,2,No,11,Alta,Media,1,19,3,5,0,2,54672,11153.088,0.03409090909090909,18
548,30,0,Travel_Rarely,Research & Development,2,Primaria,Life Sciences,Alta,Baja,2,Manufacturing Director,Baja,Single,6091,2,No,20,Muy_Alta,Alta,0,11,2,5,0,2,73092,14910.767999999998,0.0967741935483871,14
549,60,0,Travel_Rarely,Research & Development,7,Universitaria,Life Sciences,Baja,Alta,5,Manager,Alta,Married,19566,5,No,11,Alta,Muy_Alta,0,33,5,29,11,10,234792,49306.32,0.2647058823529412,15
550,46,0,Travel_Rarely,Research & Development,18,Universitaria,Medical,Alta,Alta,2,Manufacturing Director,Alta,Divorced,4810,2,No,14,Alta,Alta,1,19,5,10,0,8,57720,11774.88,0.03409090909090909,18
551,42,0,Travel_Frequently,Research & Development,28,Universitaria,Technical Degree,Muy_Alta,Alta,2,Healthcare Representative,Alta,Married,4523,0,No,11,Alta,Muy_Alta,3,7,4,6,0,4,54276,11072.304,0.03409090909090909,18
554,24,1,Travel_Rarely,Sales,1,Universitaria,Technical Degree,Baja,Alta,1,Sales Representative,Alta,Single,3202,1,Yes,16,Alta,Media,0,6,4,5,1,4,38424,7569.528,0.32,10
555,34,1,Travel_Frequently,Sales,6,Primaria,Marketing,Muy_Alta,Baja,1,Sales Representative,Baja,Divorced,2351,0,No,16,Alta,Muy_Alta,1,3,3,2,1,0,28212,4542.1320000000005,0.0948905109489051,17
556,38,0,Travel_Frequently,Research & Development,2,Universitaria,Life Sciences,Muy_Alta,Alta,1,Laboratory Technician,Alta,Married,1702,1,Yes,23,Muy_Alta,Alta,1,1,3,1,0,0,20424,3288.264,0.6,3
558,40,0,Travel_Rarely,Sales,2,Universitaria,Life Sciences,Alta,Alta,5,Manager,Alta,Married,18041,0,No,14,Alta,Muy_Alta,0,21,2,20,1,12,216492,45463.32,0.0967741935483871,14
560,26,0,Travel_Rarely,Research & Development,23,Universitaria,Life Sciences,Baja,Alta,1,Research Scientist,Alta,Divorced,2886,1,No,22,Muy_Alta,Media,2,3,3,3,0,2,34632,6822.504,0.03409090909090909,18
562,30,0,Non-Travel,Research & Development,3,Universitaria,Life Sciences,Alta,Alta,1,Laboratory Technician,Alta,Married,2097,4,No,15,Alta,Alta,1,9,3,5,1,4,25164,4051.404,0.03409090909090909,18
564,29,0,Travel_Rarely,Research & Development,3,Secundaria,Medical,Media,Media,3,Research Director,Media,Married,11935,1,No,18,Alta,Alta,0,10,2,10,0,7,143220,30076.199999999997,0.0967741935483871,14
565,29,1,Travel_Rarely,Research & Development,25,Secundaria,Technical Degree,Alta,Media,1,Research Scientist,Media,Married,2546,5,No,16,Alta,Media,0,6,2,2,1,1,30552,6018.744000000001,0.2647058823529412,15
566,19,1,Travel_Rarely,Human Resources,2,Secundaria,Technical Degree,Baja,Media,1,Human Resources,Media,Single,2564,1,No,12,Alta,Alta,0,1,3,1,0,0,30768,6061.296,0.9,4
567,30,0,Non-Travel,Sales,22,Universitaria,Other,Alta,Alta,3,Sales Executive,Alta,Married,8412,0,No,11,Alta,Alta,0,10,3,9,7,8,100944,21198.239999999998,0.0967741935483871,14
568,57,0,Travel_Rarely,Sales,29,Secundaria,Marketing,Baja,Media,4,Manager,Media,Divorced,14118,3,No,12,Alta,Alta,1,32,3,1,0,0,169416,35577.36,0.0948905109489051,17
569,50,0,Travel_Rarely,Research & Development,29,Secundaria,Life Sciences,Media,Media,4,Manager,Media,Married,17046,0,No,15,Alta,Media,1,28,2,27,15,7,204552,42955.92,0.03409090909090909,18
571,30,0,Non-Travel,Research & Development,2,Universitaria,Medical,Alta,Alta,1,Laboratory Technician,Alta,Single,2564,0,No,14,Alta,Alta,0,12,2,11,6,7,30768,6061.296,0.0967741935483871,14
573,60,0,Travel_Frequently,Sales,28,Secundaria,Marketing,Alta,Media,3,Sales Executive,Media,Married,10266,4,No,19,Alta,Muy_Alta,0,22,5,18,13,11,123192,25870.32,0.0967741935483871,14
574,47,0,Travel_Rarely,Research & Development,2,Universitaria,Medical,Baja,Alta,2,Manufacturing Director,Alta,Divorced,5070,5,No,13,Alta,Alta,3,20,2,5,0,4,60840,12411.359999999999,0.03409090909090909,18
575,46,0,Travel_Rarely,Research & Development,2,Universitaria,Life Sciences,Baja,Alta,4,Research Director,Alta,Married,17861,6,No,13,Alta,Alta,0,26,2,3,0,1,214332,45009.72,0.2647058823529412,15
577,35,0,Travel_Rarely,Research & Development,22,Primaria,Life Sciences,Muy_Alta,Baja,1,Laboratory Technician,Alta,Single,4230,0,No,15,Alta,Alta,0,6,2,5,4,3,50760,10355.039999999999,0.0967741935483871,14
578,54,0,Travel_Rarely,Research & Development,8,Universitaria,Life Sciences,Alta,Alta,2,Laboratory Technician,Alta,Single,3780,7,No,11,Alta,Alta,0,19,3,1,0,0,45360,8935.92,0.2647058823529412,15
579,34,0,Travel_Rarely,Research & Development,2,Secundaria,Life Sciences,Muy_Alta,Media,1,Research Scientist,Media,Divorced,2768,3,No,12,Alta,Alta,1,14,3,7,5,7,33216,6543.552000000001,0.03409090909090909,18
580,46,0,Travel_Rarely,Sales,10,Secundaria,Marketing,Alta,Media,3,Sales Executive,Media,Married,9071,2,Yes,19,Alta,Alta,1,15,3,3,1,2,108852,22858.92,0.10135135135135136,11
581,31,0,Travel_Rarely,Research & Development,9,Universitaria,Life Sciences,Alta,Alta,3,Manufacturing Director,Alta,Divorced,10648,1,No,25,Muy_Alta,Muy_Alta,1,13,6,13,0,8,127776,26832.96,0.03409090909090909,18
582,33,1,Travel_Rarely,Research & Development,15,Universitaria,Medical,Media,Alta,3,Manager,Alta,Married,13610,7,Yes,12,Alta,Muy_Alta,0,15,2,7,7,7,163320,34297.2,0.32,10
584,33,1,Travel_Rarely,Research & Development,10,Primaria,Medical,Baja,Baja,1,Laboratory Technician,Baja,Divorced,3408,7,No,13,Alta,Baja,3,8,2,4,1,3,40896,8056.512000000001,0.03409090909090909,18
585,30,0,Travel_Rarely,Sales,7,Universitaria,Marketing,Muy_Alta,Alta,1,Sales Representative,Alta,Single,2983,0,No,14,Alta,Baja,0,4,3,3,1,2,35796,7051.812,0.0967741935483871,14
586,35,0,Travel_Rarely,Research & Development,16,Universitaria,Life Sciences,Muy_Alta,Alta,3,Healthcare Representative,Alta,Married,7632,4,Yes,12,Alta,Alta,0,10,2,8,0,0,91584,19232.64,0.32,10
587,31,1,Travel_Frequently,Research & Development,20,Universitaria,Life Sciences,Baja,Alta,3,Healthcare Representative,Alta,Married,9824,3,No,12,Alta,Baja,0,12,2,1,0,0,117888,24756.48,0.0967741935483871,14
590,34,1,Travel_Frequently,Human Resources,23,Universitaria,Human Resources,Media,Alta,3,Human Resources,Alta,Divorced,9950,9,Yes,15,Alta,Alta,3,11,2,3,0,2,119400,25074.0,0.10135135135135136,11
591,42,0,Travel_Frequently,Research & Development,5,Universitaria,Other,Media,Alta,1,Laboratory Technician,Alta,Married,2093,4,No,17,Alta,Muy_Alta,1,8,4,2,2,0,25116,4043.676,0.03409090909090909,18
592,36,0,Non-Travel,Sales,10,Universitaria,Medical,Media,Alta,3,Sales Executive,Alta,Single,9980,1,No,14,Alta,Muy_Alta,0,10,3,10,9,7,119760,25149.6,0.0967741935483871,14
593,22,1,Travel_Frequently,Research & Development,4,Secundaria,Technical Degree,Alta,Media,1,Laboratory Technician,Media,Single,3894,5,No,16,Alta,Alta,0,4,3,2,1,2,46728,9205.416000000001,0.2647058823529412,15
595,48,0,Travel_Rarely,Sales,2,Universitaria,Marketing,Media,Alta,2,Sales Executive,Alta,Married,4051,2,No,14,Alta,Baja,1,14,2,9,6,7,48612,9576.564,0.0948905109489051,17
597,55,0,Travel_Rarely,Sales,18,Universitaria,Life Sciences,Baja,Alta,4,Manager,Alta,Single,16835,3,No,23,Muy_Alta,Muy_Alta,0,37,2,10,7,7,202020,42424.2,0.0967741935483871,14
599,41,0,Non-Travel,Sales,10,Universitaria,Life Sciences,Muy_Alta,Alta,2,Sales Executive,Alta,Single,6230,7,No,14,Alta,Muy_Alta,0,16,3,14,1,10,74760,15251.039999999999,0.2647058823529412,15
600,35,0,Travel_Rarely,Sales,1,Universitaria,Marketing,Media,Alta,2,Sales Executive,Alta,Married,4717,9,No,11,Alta,Alta,0,15,2,11,6,9,56604,11547.215999999999,0.2647058823529412,15
601,40,0,Travel_Rarely,Research & Development,6,Universitaria,Life Sciences,Media,Alta,4,Manufacturing Director,Alta,Single,13237,7,No,15,Alta,Alta,0,22,3,20,5,13,158844,33357.24,0.2647058823529412,15
602,39,0,Travel_Frequently,Research & Development,8,Universitaria,Life Sciences,Alta,Alta,1,Laboratory Technician,Alta,Married,3755,1,No,11,Alta,Baja,1,8,3,8,0,7,45060,8876.82,0.03409090909090909,18
604,31,0,Travel_Rarely,Sales,2,Universitaria,Life Sciences,Media,Alta,2,Sales Executive,Alta,Single,6582,4,Yes,13,Alta,Alta,0,10,2,6,0,5,78984,16586.64,0.32,10
605,42,0,Travel_Rarely,Research & Development,24,Universitaria,Medical,Muy_Alta,Alta,3,Manufacturing Director,Alta,Married,7406,1,Yes,21,Muy_Alta,Muy_Alta,1,10,5,10,5,8,88872,18663.12,0.10135135135135136,11
606,45,0,Travel_Rarely,Sales,2,Universitaria,Other,Muy_Alta,Alta,2,Sales Executive,Alta,Married,4805,0,No,19,Alta,Media,1,9,3,8,3,7,57660,11762.64,0.0948905109489051,17
608,26,1,Travel_Frequently,Human Resources,17,Universitaria,Life Sciences,Media,Alta,1,Human Resources,Alta,Divorced,2741,0,Yes,11,Alta,Media,1,8,2,7,1,0,32892,6479.724,0.10135135135135136,11
611,29,0,Travel_Rarely,Research & Development,19,Universitaria,Technical Degree,Muy_Alta,Alta,2,Manufacturing Director,Alta,Divorced,4262,4,No,12,Alta,Media,2,8,2,3,1,2,51144,10433.376,0.03409090909090909,18
612,33,0,Travel_Rarely,Research & Development,1,Master,Medical,Baja,Muy_Alta,4,Research Director,Muy_Alta,Divorced,16184,4,No,19,Alta,Alta,1,10,2,6,0,5,194208,40783.68,0.03409090909090909,18
613,31,0,Travel_Rarely,Sales,7,Secundaria,Life Sciences,Alta,Media,3,Manager,Media,Divorced,11557,9,No,21,Muy_Alta,Alta,1,10,3,5,0,1,138684,29123.64,0.0948905109489051,17
614,18,1,Travel_Frequently,Sales,5,Universitaria,Marketing,Media,Alta,1,Sales Representative,Alta,Single,1878,1,Yes,14,Alta,Muy_Alta,0,0,3,0,0,0,22536,3628.2960000000003,0.9,4
615,40,0,Non-Travel,Sales,28,Universitaria,Other,Alta,Baja,3,Sales Executive,Baja,Divorced,10932,3,No,15,Alta,Alta,1,20,2,1,0,1,131184,27548.64,0.0948905109489051,17
616,41,0,Non-Travel,Research & Development,2,Secundaria,Other,Baja,Media,2,Healthcare Representative,Media,Single,6811,2,Yes,17,Alta,Baja,0,10,3,8,0,7,81732,17163.72,0.32,10
618,26,0,Travel_Rarely,Sales,29,Universitaria,Medical,Baja,Alta,2,Sales Executive,Alta,Divorced,4306,5,No,12,Alta,Baja,2,8,5,0,0,0,51672,10541.088,0.0948905109489051,17
620,35,0,Travel_Rarely,Sales,1,Universitaria,Medical,Baja,Alta,2,Sales Executive,Alta,Single,4859,1,No,16,Alta,Muy_Alta,0,5,3,5,0,3,58308,11894.831999999999,0.0967741935483871,14
621,34,0,Travel_Rarely,Sales,21,Master,Life Sciences,Muy_Alta,Muy_Alta,2,Sales Executive,Muy_Alta,Single,5337,1,No,12,Alta,Muy_Alta,0,10,3,10,5,7,64044,13064.975999999999,0.0967741935483871,14
622,26,1,Travel_Rarely,Research & Development,24,Primaria,Technical Degree,Alta,Baja,1,Laboratory Technician,Baja,Single,2340,1,Yes,18,Alta,Media,0,1,3,1,0,0,28080,4520.88,0.9,4
623,37,0,Travel_Rarely,Research & Development,1,Universitaria,Technical Degree,Media,Alta,3,Manufacturing Director,Alta,Single,7491,4,No,17,Alta,Muy_Alta,0,12,3,6,1,2,89892,18877.32,0.0967741935483871,14
624,46,0,Travel_Frequently,Research & Development,18,Universitaria,Medical,Baja,Alta,3,Healthcare Representative,Alta,Married,10527,5,No,11,Alta,Muy_Alta,0,28,3,2,1,2,126324,26528.039999999997,0.2647058823529412,15
625,41,0,Travel_Rarely,Sales,2,Universitaria,Life Sciences,Media,Alta,4,Manager,Alta,Married,16595,7,No,16,Alta,Media,1,22,2,18,11,8,199140,41819.4,0.0948905109489051,17
626,37,0,Non-Travel,Sales,9,Universitaria,Medical,Baja,Alta,3,Sales Executive,Alta,Divorced,8834,1,No,13,Alta,Muy_Alta,1,9,6,9,7,7,106008,22261.68,0.0948905109489051,17
630,52,0,Travel_Rarely,Research & Development,6,Universitaria,Technical Degree,Muy_Alta,Alta,2,Research Scientist,Alta,Divorced,5577,3,Yes,12,Alta,Media,2,18,3,10,6,9,66924,13652.496,0.10135135135135136,11
631,32,1,Non-Travel,Sales,11,Master,Other,Muy_Alta,Muy_Alta,2,Sales Executive,Muy_Alta,Married,4707,8,No,12,Alta,Muy_Alta,0,6,2,4,1,2,56484,11522.735999999999,0.2647058823529412,15
632,24,0,Travel_Frequently,Sales,24,Universitaria,Medical,Muy_Alta,Alta,1,Sales Representative,Alta,Married,2400,0,No,13,Alta,Alta,2,3,3,2,2,1,28800,4636.8,0.0948905109489051,17
634,38,0,Travel_Rarely,Research & Development,10,Universitaria,Medical,Alta,Alta,2,Healthcare Representative,Alta,Married,9824,3,No,19,Alta,Alta,1,18,4,1,0,0,117888,24756.48,0.03409090909090909,18
635,37,0,Travel_Rarely,Research & Development,1,Universitaria,Life Sciences,Media,Alta,2,Manufacturing Director,Alta,Married,6447,6,No,12,Alta,Media,1,8,2,6,4,3,77364,16246.439999999999,0.03409090909090909,18
638,49,0,Travel_Rarely,Research & Development,18,Secundaria,Life Sciences,Muy_Alta,Media,5,Research Director,Media,Divorced,19502,1,Yes,17,Alta,Alta,1,31,5,31,0,9,234024,49145.04,0.10135135135135136,11
639,24,0,Travel_Rarely,Research & Development,23,Master,Medical,Media,Muy_Alta,1,Research Scientist,Muy_Alta,Married,2725,1,Yes,11,Alta,Media,2,6,3,6,1,4,32700,6441.900000000001,0.10135135135135136,11
641,26,0,Travel_Rarely,Sales,28,Universitaria,Marketing,Baja,Alta,2,Sales Executive,Alta,Married,6272,1,No,20,Muy_Alta,Muy_Alta,2,6,5,5,1,4,75264,15805.439999999999,0.0948905109489051,17
643,24,0,Travel_Rarely,Research & Development,17,Secundaria,Other,Muy_Alta,Media,1,Laboratory Technician,Media,Married,2127,1,No,21,Muy_Alta,Muy_Alta,1,1,2,1,0,0,25524,4109.3640000000005,0.6,3
644,50,0,Travel_Frequently,Human Resources,3,Universitaria,Medical,Baja,Alta,5,Manager,Alta,Married,18200,1,No,11,Alta,Alta,1,32,2,32,10,7,218400,45864.0,0.0948905109489051,17
645,25,0,Travel_Rarely,Sales,13,Universitaria,Medical,Media,Alta,1,Sales Representative,Alta,Married,2096,1,No,11,Alta,Alta,0,7,1,7,0,6,25152,4049.472,0.0967741935483871,14
647,24,1,Travel_Frequently,Research & Development,7,Universitaria,Life Sciences,Baja,Alta,1,Laboratory Technician,Alta,Married,2886,1,Yes,16,Alta,Muy_Alta,1,6,4,6,1,2,34632,6822.504,0.10135135135135136,11
648,30,1,Travel_Frequently,Sales,12,Secundaria,Life Sciences,Media,Media,1,Sales Representative,Media,Married,2033,1,No,18,Alta,Alta,1,1,2,1,0,0,24396,3927.7560000000003,0.6,3
649,34,0,Travel_Rarely,Research & Development,1,Secundaria,Life Sciences,Media,Media,1,Research Scientist,Alta,Married,3622,1,Yes,13,Alta,Muy_Alta,1,6,3,6,1,3,43464,8562.408000000001,0.10135135135135136,11
650,31,1,Travel_Rarely,Sales,13,Universitaria,Medical,Media,Alta,2,Sales Executive,Alta,Divorced,4233,2,No,17,Alta,Alta,0,9,2,3,1,2,50796,10362.384,0.0967741935483871,14
652,35,0,Travel_Rarely,Research & Development,25,Universitaria,Other,Baja,Media,2,Laboratory Technician,Media,Single,3681,4,No,14,Alta,Muy_Alta,0,9,3,3,0,2,44172,8701.884,0.0967741935483871,14
653,31,0,Travel_Rarely,Sales,6,Master,Medical,Baja,Muy_Alta,2,Sales Executive,Muy_Alta,Divorced,5460,4,No,22,Muy_Alta,Muy_Alta,2,13,4,7,5,7,65520,13366.08,0.0948905109489051,17
655,27,0,Travel_Rarely,Research & Development,6,Secundaria,Medical,Baja,Media,1,Research Scientist,Media,Divorced,2187,0,No,12,Alta,Alta,2,6,5,5,0,3,26244,4225.284000000001,0.03409090909090909,18
656,37,0,Travel_Rarely,Sales,2,Universitaria,Marketing,Muy_Alta,Alta,2,Sales Executive,Alta,Married,9602,4,Yes,11,Alta,Alta,1,17,3,3,1,0,115224,24197.04,0.10135135135135136,11
657,20,0,Travel_Rarely,Research & Development,1,Secundaria,Life Sciences,Muy_Alta,Media,1,Research Scientist,Media,Single,2836,1,No,13,Alta,Muy_Alta,0,1,0,1,0,0,34032,6704.304,0.3,5
659,42,0,Travel_Rarely,Research & Development,2,Universitaria,Life Sciences,Alta,Alta,2,Healthcare Representative,Alta,Married,4089,1,No,13,Alta,Media,2,10,4,10,2,2,49068,9666.396,0.03409090909090909,18
661,43,0,Travel_Rarely,Research & Development,6,Secundaria,Other,Media,Media,4,Research Director,Media,Divorced,16627,4,Yes,14,Alta,Alta,1,21,3,1,0,0,199524,41900.04,0.10135135135135136,11
662,38,0,Travel_Rarely,Research & Development,1,Universitaria,Life Sciences,Alta,Alta,1,Research Scientist,Alta,Single,2619,3,No,17,Alta,Muy_Alta,0,8,3,0,0,0,31428,6191.316000000001,0.0967741935483871,14
663,43,0,Travel_Frequently,Research & Development,9,Universitaria,Medical,Muy_Alta,Alta,2,Laboratory Technician,Alta,Divorced,5679,3,Yes,13,Alta,Media,1,10,3,8,4,7,68148,13902.192,0.10135135135135136,11
664,48,0,Travel_Rarely,Research & Development,1,Secundaria,Life Sciences,Muy_Alta,Media,4,Manager,Media,Married,15402,7,No,11,Alta,Baja,1,21,3,3,0,2,184824,38813.04,0.03409090909090909,18
665,44,0,Travel_Rarely,Human Resources,1,Secundaria,Life Sciences,Baja,Media,2,Human Resources,Media,Single,5985,4,No,11,Alta,Media,0,10,1,2,0,2,71820,14651.279999999999,0.0967741935483871,14
666,34,0,Travel_Rarely,Sales,14,Universitaria,Technical Degree,Alta,Alta,1,Sales Representative,Alta,Divorced,2579,1,Yes,18,Alta,Muy_Alta,2,8,3,8,0,6,30948,6096.756,0.10135135135135136,11
667,27,1,Travel_Rarely,Sales,2,Universitaria,Marketing,Alta,Alta,1,Sales Representative,Alta,Divorced,3041,0,No,11,Alta,Media,1,5,3,4,0,2,36492,7188.924,0.0948905109489051,17
669,21,0,Travel_Rarely,Sales,22,Universitaria,Technical Degree,Alta,Alta,1,Sales Representative,Alta,Single,3447,1,No,11,Alta,Alta,0,3,2,3,1,2,41364,8148.7080000000005,0.0967741935483871,14
671,44,0,Travel_Rarely,Research & Development,3,Universitaria,Other,Muy_Alta,Alta,5,Manager,Alta,Married,19513,4,Yes,12,Alta,Baja,1,26,2,2,0,1,234156,49172.759999999995,0.10135135135135136,11
675,22,0,Travel_Rarely,Research & Development,6,Universitaria,Medical,Baja,Alta,1,Research Scientist,Alta,Married,2773,0,No,20,Muy_Alta,Muy_Alta,0,3,3,2,2,2,33276,6555.372,0.0967741935483871,14
677,33,0,Travel_Rarely,Sales,8,Universitaria,Marketing,Alta,Alta,2,Sales Executive,Alta,Divorced,7104,0,No,12,Alta,Muy_Alta,0,6,3,5,1,2,85248,17902.079999999998,0.0967741935483871,14
679,32,0,Travel_Rarely,Research & Development,9,Universitaria,Life Sciences,Baja,Alta,2,Research Scientist,Alta,Married,6322,1,Yes,12,Alta,Muy_Alta,1,6,2,6,0,5,75864,15931.439999999999,0.10135135135135136,11
680,30,0,Travel_Frequently,Research & Development,3,Universitaria,Medical,Alta,Alta,1,Research Scientist,Alta,Divorced,2083,1,No,20,Muy_Alta,Alta,1,1,2,1,0,0,24996,4024.356,0.3,5
682,53,0,Travel_Rarely,Sales,1,Universitaria,Medical,Muy_Alta,Alta,2,Sales Executive,Alta,Single,8381,7,No,20,Muy_Alta,Muy_Alta,0,18,2,14,8,10,100572,21120.12,0.2647058823529412,15
683,34,0,Travel_Rarely,Research & Development,1,Universitaria,Life Sciences,Media,Alta,1,Research Scientist,Alta,Married,2691,1,No,12,Alta,Muy_Alta,1,10,4,10,8,8,32292,6361.524,0.03409090909090909,18
684,45,1,Travel_Frequently,Sales,26,Universitaria,Life Sciences,Baja,Alta,2,Sales Executive,Alta,Married,4286,2,No,14,Alta,Muy_Alta,2,5,4,1,0,0,51432,10492.127999999999,0.0948905109489051,17
686,26,0,Travel_Rarely,Research & Development,6,Universitaria,Life Sciences,Alta,Alta,1,Laboratory Technician,Alta,Married,2659,1,Yes,13,Alta,Alta,1,3,2,3,0,2,31908,6285.876,0.10135135135135136,11
689,37,0,Travel_Rarely,Research & Development,3,Universitaria,Other,Alta,Alta,3,Manufacturing Director,Alta,Married,9434,1,No,15,Alta,Alta,1,10,2,10,7,8,113208,23773.68,0.03409090909090909,18
690,29,0,Travel_Rarely,Sales,3,Universitaria,Medical,Media,Alta,2,Sales Executive,Alta,Married,5561,1,No,14,Alta,Baja,1,6,5,6,1,2,66732,13613.328,0.0948905109489051,17
691,35,0,Travel_Rarely,Research & Development,6,Primaria,Life Sciences,Media,Baja,2,Research Scientist,Baja,Single,6646,1,No,13,Alta,Media,0,17,3,17,11,8,79752,16747.92,0.0967741935483871,14
692,33,0,Travel_Frequently,Research & Development,6,Universitaria,Life Sciences,Alta,Alta,2,Healthcare Representative,Alta,Divorced,7725,3,No,23,Muy_Alta,Alta,1,15,2,13,4,7,92700,19467.0,0.03409090909090909,18
698,54,0,Travel_Rarely,Human Resources,19,Universitaria,Medical,Alta,Alta,3,Human Resources,Alta,Married,10725,2,No,15,Alta,Alta,1,16,1,9,7,1,128700,27027.0,0.0948905109489051,17
699,36,0,Travel_Rarely,Research & Development,9,Secundaria,Medical,Media,Media,2,Manufacturing Director,Media,Divorced,8847,2,Yes,11,Alta,Alta,1,13,2,3,0,2,106164,22294.44,0.10135135135135136,11
700,27,0,Travel_Rarely,Research & Development,3,Secundaria,Medical,Baja,Media,1,Research Scientist,Media,Single,2045,0,No,13,Alta,Muy_Alta,0,5,0,4,1,1,24540,3950.94,0.0967741935483871,14
701,20,1,Travel_Rarely,Research & Development,10,Universitaria,Medical,Muy_Alta,Alta,1,Research Scientist,Alta,Single,1009,1,Yes,11,Alta,Muy_Alta,0,1,5,1,1,1,12108,1949.3880000000001,0.3,5
702,33,1,Travel_Frequently,Research & Development,3,Universitaria,Life Sciences,Baja,Alta,1,Research Scientist,Alta,Single,3348,1,Yes,11,Alta,Baja,0,10,3,10,9,7,40176,7914.6720000000005,0.32,10
704,35,0,Non-Travel,Research & Development,3,Secundaria,Life Sciences,Alta,Media,1,Laboratory Technician,Media,Married,1281,1,No,18,Alta,Alta,2,1,3,1,0,0,15372,2474.8920000000003,0.6,3
705,23,0,Travel_Rarely,Research & Development,4,Master,Medical,Baja,Muy_Alta,1,Research Scientist,Alta,Married,2819,2,No,16,Alta,Baja,1,5,3,3,0,2,33828,6664.116,0.03409090909090909,18
707,25,0,Travel_Rarely,Sales,8,Master,Life Sciences,Muy_Alta,Muy_Alta,2,Sales Executive,Muy_Alta,Married,4851,0,No,22,Muy_Alta,Alta,1,4,4,3,1,2,58212,11875.248,0.0948905109489051,17
709,38,0,Travel_Rarely,Sales,7,Secundaria,Marketing,Muy_Alta,Media,2,Sales Executive,Media,Single,4028,0,No,20,Muy_Alta,Baja,0,8,2,7,0,5,48336,9522.192000000001,0.0967741935483871,14
710,29,0,Travel_Frequently,Research & Development,1,Primaria,Life Sciences,Media,Baja,1,Research Scientist,Baja,Divorced,2720,1,No,18,Alta,Muy_Alta,1,10,5,10,2,8,32640,6430.08,0.03409090909090909,18
712,48,0,Travel_Rarely,Sales,2,Master,Marketing,Media,Muy_Alta,2,Sales Executive,Muy_Alta,Married,8120,3,No,12,Alta,Muy_Alta,0,12,3,2,2,2,97440,20462.399999999998,0.0967741935483871,14
714,27,0,Travel_Frequently,Sales,3,Master,Medical,Muy_Alta,Muy_Alta,2,Sales Executive,Alta,Divorced,4647,1,Yes,20,Muy_Alta,Media,2,6,3,6,0,4,55764,11375.856,0.10135135135135136,11
715,37,0,Travel_Rarely,Research & Development,10,Master,Life Sciences,Muy_Alta,Muy_Alta,1,Research Scientist,Muy_Alta,Single,4680,3,No,17,Alta,Baja,0,4,2,1,0,0,56160,11456.64,0.0967741935483871,14
716,50,0,Travel_Rarely,Research & Development,28,Master,Medical,Muy_Alta,Muy_Alta,1,Laboratory Technician,Muy_Alta,Married,3221,1,Yes,11,Alta,Alta,3,20,3,20,3,8,38652,7614.444,0.10135135135135136,11
717,34,0,Travel_Rarely,Research & Development,9,Secundaria,Medical,Muy_Alta,Media,3,Healthcare Representative,Media,Single,8621,1,No,14,Alta,Media,0,9,3,8,7,7,103452,21724.92,0.0967741935483871,14
720,24,1,Travel_Rarely,Sales,3,Universitaria,Life Sciences,Baja,Alta,2,Sales Executive,Alta,Single,4577,9,No,14,Alta,Baja,0,4,3,2,2,0,54924,11204.496,0.2647058823529412,15
721,39,0,Travel_Rarely,Research & Development,2,Secundaria,Technical Degree,Muy_Alta,Media,2,Healthcare Representative,Media,Single,4553,1,No,11,Alta,Baja,0,20,4,20,11,10,54636,11145.743999999999,0.0967741935483871,14
722,32,0,Travel_Rarely,Sales,10,Universitaria,Marketing,Muy_Alta,Alta,2,Sales Executive,Alta,Single,5396,1,No,12,Alta,Muy_Alta,0,10,2,10,0,8,64752,13209.408,0.0967741935483871,14
723,50,1,Travel_Frequently,Sales,8,Universitaria,Technical Degree,Media,Alta,2,Sales Executive,Alta,Married,6796,3,Yes,14,Alta,Baja,1,18,4,4,1,3,81552,17125.92,0.10135135135135136,11
724,38,0,Travel_Rarely,Research & Development,1,Master,Life Sciences,Media,Muy_Alta,2,Healthcare Representative,Muy_Alta,Single,7625,0,No,13,Alta,Alta,0,10,4,9,1,8,91500,19215.0,0.0967741935483871,14
725,27,0,Travel_Rarely,Research & Development,1,Universitaria,Life Sciences,Alta,Alta,3,Manufacturing Director,Alta,Married,7412,1,No,11,Alta,Muy_Alta,0,9,3,9,0,7,88944,18678.239999999998,0.0967741935483871,14
727,32,0,Travel_Rarely,Research & Development,3,Universitaria,Life Sciences,Alta,Alta,3,Research Director,Alta,Single,11159,3,No,15,Alta,Muy_Alta,0,10,6,7,7,7,133908,28120.68,0.0967741935483871,14
728,47,0,Travel_Rarely,Sales,14,Universitaria,Marketing,Muy_Alta,Alta,2,Sales Executive,Alta,Single,4960,2,No,12,Alta,Muy_Alta,0,20,2,7,1,7,59520,12142.08,0.0967741935483871,14
729,40,0,Travel_Frequently,Sales,5,Secundaria,Life Sciences,Muy_Alta,Media,3,Sales Executive,Alta,Married,10475,5,Yes,21,Muy_Alta,Alta,1,20,2,18,1,12,125700,26397.0,0.10135135135135136,11
730,53,0,Travel_Rarely,Research & Development,7,Master,Life Sciences,Alta,Muy_Alta,4,Research Director,Muy_Alta,Married,14814,3,No,19,Alta,Alta,0,32,3,5,1,3,177768,37331.28,0.0967741935483871,14
731,41,0,Travel_Rarely,Human Resources,10,Secundaria,Human Resources,Media,Media,5,Manager,Media,Divorced,19141,3,No,15,Alta,Media,3,23,2,21,12,6,229692,48235.32,0.0948905109489051,17
732,60,0,Travel_Rarely,Sales,16,Universitaria,Marketing,Baja,Alta,2,Sales Executive,Alta,Single,5405,8,No,14,Alta,Muy_Alta,0,10,1,2,2,2,64860,13231.439999999999,0.2647058823529412,15
733,27,0,Travel_Frequently,Research & Development,10,Universitaria,Life Sciences,Muy_Alta,Alta,3,Manufacturing Director,Alta,Divorced,8793,1,No,21,Muy_Alta,Alta,2,9,4,9,1,7,105516,22158.36,0.03409090909090909,18
734,41,0,Travel_Rarely,Human Resources,1,Secundaria,Human Resources,Muy_Alta,Media,5,Manager,Media,Married,19189,1,No,12,Alta,Media,1,22,3,22,2,10,230268,48356.28,0.0948905109489051,17
738,50,0,Travel_Rarely,Sales,8,Universitaria,Marketing,Muy_Alta,Alta,1,Sales Representative,Alta,Married,3875,7,No,15,Alta,Muy_Alta,1,4,2,2,2,2,46500,9160.5,0.0948905109489051,17
741,28,1,Travel_Rarely,Research & Development,1,Primaria,Life Sciences,Baja,Baja,1,Research Scientist,Alta,Single,2216,7,Yes,13,Alta,Muy_Alta,0,10,4,7,3,7,26592,4281.312,0.6285714285714286,8
742,36,0,Non-Travel,Research & Development,8,Master,Life Sciences,Baja,Muy_Alta,3,Research Director,Muy_Alta,Married,11713,9,No,14,Alta,Baja,1,10,2,8,0,5,140556,29516.76,0.03409090909090909,18
743,38,0,Travel_Rarely,Research & Development,1,Universitaria,Life Sciences,Alta,Alta,3,Manufacturing Director,Alta,Single,7861,4,Yes,14,Alta,Muy_Alta,0,10,4,1,0,0,94332,19809.719999999998,0.32,10
744,44,0,Non-Travel,Research & Development,24,Primaria,Medical,Baja,Baja,1,Laboratory Technician,Baja,Single,3708,2,No,14,Alta,Alta,0,9,5,5,1,4,44496,8765.712,0.0967741935483871,14
746,47,0,Travel_Frequently,Sales,3,Universitaria,Medical,Muy_Alta,Alta,4,Sales Executive,Alta,Divorced,13770,9,Yes,12,Alta,Muy_Alta,2,28,2,22,11,13,165240,34700.4,0.10135135135135136,11
747,30,0,Travel_Rarely,Sales,27,Universitaria,Marketing,Alta,Alta,2,Sales Executive,Alta,Divorced,5304,7,No,23,Muy_Alta,Muy_Alta,1,10,2,8,7,7,63648,12984.192,0.0948905109489051,17
749,29,0,Travel_Rarely,Sales,10,Universitaria,Life Sciences,Alta,Alta,1,Sales Representative,Alta,Single,2642,1,No,11,Alta,Alta,0,1,6,1,0,0,31704,6245.688,0.9,4
752,42,1,Travel_Frequently,Research & Development,19,Universitaria,Medical,Alta,Muy_Alta,1,Research Scientist,Muy_Alta,Divorced,2759,6,Yes,12,Alta,Muy_Alta,0,7,2,2,2,2,33108,6522.276,0.32,10
754,43,0,Travel_Frequently,Sales,15,Secundaria,Life Sciences,Muy_Alta,Media,2,Sales Executive,Media,Married,6804,3,No,18,Alta,Alta,1,7,5,2,2,2,81648,17146.079999999998,0.0948905109489051,17
757,34,0,Travel_Rarely,Research & Development,8,Universitaria,Medical,Media,Alta,2,Healthcare Representative,Alta,Single,6142,3,No,11,Alta,Muy_Alta,0,10,2,5,4,3,73704,15035.615999999998,0.0967741935483871,14
758,23,0,Travel_Rarely,Research & Development,9,Universitaria,Medical,Media,Alta,1,Laboratory Technician,Alta,Married,2500,1,No,14,Alta,Muy_Alta,1,5,2,4,0,2,30000,4830.0,0.03409090909090909,18
760,39,0,Travel_Rarely,Human Resources,3,Master,Human Resources,Alta,Muy_Alta,2,Human Resources,Muy_Alta,Married,6389,9,No,15,Alta,Alta,1,12,3,8,3,6,76668,16100.279999999999,0.0948905109489051,17
762,56,0,Travel_Rarely,Research & Development,9,Universitaria,Medical,Alta,Alta,4,Healthcare Representative,Alta,Married,11103,7,No,11,Alta,Alta,0,30,1,10,1,1,133236,27979.559999999998,0.2647058823529412,15
763,40,0,Travel_Rarely,Research & Development,2,Secundaria,Medical,Muy_Alta,Media,1,Research Scientist,Media,Single,2342,0,Yes,20,Muy_Alta,Muy_Alta,0,5,2,4,2,3,28104,4524.744,0.6285714285714286,8
764,27,0,Travel_Rarely,Research & Development,7,Universitaria,Medical,Muy_Alta,Media,2,Healthcare Representative,Media,Single,6811,8,No,19,Alta,Baja,0,9,2,7,0,7,81732,17163.72,0.2647058823529412,15
766,29,0,Travel_Rarely,Sales,10,Universitaria,Marketing,Muy_Alta,Alta,1,Sales Representative,Alta,Divorced,2297,1,No,14,Alta,Muy_Alta,2,2,2,2,2,2,27564,4437.804,0.0948905109489051,17
769,53,0,Travel_Rarely,Research & Development,6,Universitaria,Life Sciences,Muy_Alta,Alta,2,Laboratory Technician,Alta,Single,2450,2,No,17,Alta,Muy_Alta,0,19,4,2,2,2,29400,4733.400000000001,0.0967741935483871,14
771,35,0,Non-Travel,Research & Development,2,Universitaria,Life Sciences,Muy_Alta,Alta,2,Healthcare Representative,Alta,Divorced,5093,2,No,11,Alta,Baja,1,16,2,1,0,0,61116,12467.663999999999,0.03409090909090909,18
772,32,0,Travel_Frequently,Research & Development,24,Universitaria,Life Sciences,Baja,Alta,2,Laboratory Technician,Alta,Married,5309,1,No,15,Alta,Muy_Alta,2,10,2,10,4,7,63708,12996.431999999999,0.03409090909090909,18
773,38,0,Travel_Rarely,Research & Development,2,Universitaria,Medical,Muy_Alta,Alta,1,Research Scientist,Alta,Married,3057,6,Yes,13,Alta,Media,1,6,0,1,0,1,36684,7226.7480000000005,0.10135135135135136,11
775,34,0,Travel_Rarely,Research & Development,8,Universitaria,Life Sciences,Media,Alta,2,Manufacturing Director,Alta,Divorced,5121,3,No,14,Alta,Alta,1,7,3,0,0,0,61452,12536.207999999999,0.03409090909090909,18
776,52,0,Travel_Rarely,Sales,3,Secundaria,Marketing,Alta,Media,4,Manager,Media,Married,16856,1,No,11,Alta,Baja,0,34,3,34,1,16,202272,42477.119999999995,0.0967741935483871,14
780,33,1,Travel_Rarely,Research & Development,1,Universitaria,Other,Muy_Alta,Alta,1,Research Scientist,Alta,Single,2686,1,Yes,13,Alta,Alta,0,10,2,10,7,8,32232,6349.704000000001,0.32,10
781,25,0,Travel_Rarely,Sales,26,Universitaria,Medical,Alta,Alta,2,Sales Executive,Alta,Single,6180,1,No,23,Muy_Alta,Media,0,6,5,6,1,4,74160,15128.64,0.0967741935483871,14
783,45,0,Travel_Rarely,Sales,2,Primaria,Technical Degree,Media,Baja,2,Sales Representative,Baja,Single,6632,0,No,13,Alta,Baja,0,9,3,8,3,1,79584,16712.64,0.0967741935483871,14
784,23,0,Travel_Rarely,Research & Development,10,Master,Medical,Baja,Muy_Alta,1,Research Scientist,Muy_Alta,Single,3505,1,No,18,Alta,Muy_Alta,0,2,3,2,0,2,42060,8285.82,0.0967741935483871,14
785,47,1,Travel_Frequently,Sales,27,Master,Life Sciences,Media,Muy_Alta,2,Sales Executive,Muy_Alta,Single,6397,4,Yes,12,Alta,Muy_Alta,0,8,2,5,1,3,76764,16120.439999999999,0.32,10
786,34,0,Travel_Rarely,Sales,2,Universitaria,Other,Muy_Alta,Alta,2,Sales Executive,Alta,Single,6274,1,No,22,Muy_Alta,Alta,0,6,5,6,1,4,75288,15810.48,0.0967741935483871,14
787,55,1,Travel_Rarely,Research & Development,2,Universitaria,Medical,Muy_Alta,Alta,5,Manager,Alta,Married,19859,5,Yes,13,Alta,Muy_Alta,1,24,2,5,1,4,238308,50044.68,0.10135135135135136,11
789,36,0,Non-Travel,Sales,8,Secundaria,Life Sciences,Baja,Media,3,Sales Executive,Media,Single,7587,1,No,15,Alta,Media,0,10,1,10,0,9,91044,19119.239999999998,0.0967741935483871,14
791,52,0,Non-Travel,Research & Development,19,Universitaria,Medical,Muy_Alta,Alta,1,Research Scientist,Alta,Married,4258,0,No,18,Alta,Baja,1,5,3,4,1,2,51096,10423.583999999999,0.03409090909090909,18
792,26,0,Travel_Frequently,Research & Development,1,Primaria,Life Sciences,Baja,Baja,1,Laboratory Technician,Baja,Divorced,4364,3,No,14,Alta,Baja,1,5,2,2,2,0,52368,10683.072,0.03409090909090909,18
793,29,0,Travel_Rarely,Research & Development,27,Universitaria,Medical,Media,Alta,2,Healthcare Representative,Alta,Married,4335,4,No,12,Alta,Baja,1,11,3,8,1,1,52020,10612.08,0.03409090909090909,18
796,26,1,Travel_Rarely,Sales,8,Secundaria,Technical Degree,Muy_Alta,Media,2,Sales Executive,Media,Single,5326,6,No,17,Alta,Alta,0,6,2,4,1,2,63912,13038.047999999999,0.2647058823529412,15
797,34,0,Travel_Rarely,Research & Development,1,Master,Life Sciences,Media,Muy_Alta,1,Research Scientist,Muy_Alta,Single,3280,2,No,16,Alta,Alta,0,10,2,4,1,3,39360,7753.92,0.0967741935483871,14
799,54,0,Travel_Rarely,Research & Development,19,Universitaria,Medical,Muy_Alta,Alta,2,Manufacturing Director,Alta,Divorced,5485,9,Yes,11,Alta,Media,2,9,4,5,1,4,65820,13427.279999999999,0.10135135135135136,11
800,27,0,Travel_Frequently,Sales,8,Universitaria,Marketing,Alta,Alta,2,Sales Executive,Alta,Married,4342,0,No,19,Alta,Media,1,5,3,4,1,1,52104,10629.215999999999,0.0948905109489051,17
802,37,0,Travel_Rarely,Research & Development,10,Universitaria,Life Sciences,Muy_Alta,Alta,1,Research Scientist,Alta,Divorced,2782,0,Yes,13,Alta,Media,2,6,3,5,4,3,33384,6576.648,0.10135135135135136,11
803,38,0,Travel_Frequently,Research & Development,2,Master,Life Sciences,Baja,Muy_Alta,2,Manufacturing Director,Muy_Alta,Single,5980,6,Yes,12,Alta,Muy_Alta,0,17,2,15,4,12,71760,14639.039999999999,0.32,10
804,34,0,Travel_Rarely,Research & Development,2,Secundaria,Medical,Alta,Media,1,Research Scientist,Media,Single,4381,1,No,11,Alta,Alta,0,6,3,6,1,3,52572,10724.688,0.0967741935483871,14
805,35,0,Travel_Rarely,Sales,8,Universitaria,Life Sciences,Baja,Alta,1,Sales Representative,Alta,Married,2572,1,No,16,Alta,Media,1,3,1,3,0,2,30864,6080.2080000000005,0.0948905109489051,17
806,30,0,Travel_Rarely,Research & Development,1,Primaria,Life Sciences,Muy_Alta,Baja,1,Laboratory Technician,Baja,Married,3833,3,No,21,Muy_Alta,Alta,2,7,2,2,0,2,45996,9061.212,0.03409090909090909,18
807,40,0,Travel_Frequently,Research & Development,2,Master,Medical,Alta,Muy_Alta,2,Healthcare Representative,Muy_Alta,Married,4244,1,No,24,Muy_Alta,Muy_Alta,1,8,2,8,3,7,50928,10389.312,0.03409090909090909,18
808,34,0,Travel_Rarely,Sales,8,Universitaria,Life Sciences,Alta,Alta,2,Sales Executive,Alta,Married,6500,5,No,17,Alta,Media,1,6,1,3,1,2,78000,16380.0,0.0948905109489051,17
809,42,0,Travel_Frequently,Research & Development,8,Universitaria,Life Sciences,Media,Alta,5,Manager,Alta,Divorced,18430,1,No,13,Alta,Media,1,24,4,24,14,9,221160,46443.6,0.03409090909090909,18
811,23,1,Travel_Rarely,Research & Development,6,Master,Life Sciences,Alta,Muy_Alta,1,Laboratory Technician,Muy_Alta,Married,1601,1,Yes,21,Muy_Alta,Alta,2,1,2,0,0,0,19212,3093.132,0.6,3
812,24,0,Non-Travel,Research & Development,9,Secundaria,Life Sciences,Alta,Media,1,Laboratory Technician,Media,Divorced,2694,1,No,11,Alta,Alta,3,1,4,1,0,0,32328,6368.616,0.6,3
813,52,0,Travel_Rarely,Research & Development,11,Universitaria,Life Sciences,Muy_Alta,Alta,2,Laboratory Technician,Alta,Married,3149,8,No,20,Muy_Alta,Media,1,9,3,5,1,4,37788,7444.236,0.03409090909090909,18
815,50,0,Travel_Rarely,Research & Development,2,Universitaria,Medical,Alta,Alta,4,Research Director,Alta,Married,17639,5,No,16,Alta,Muy_Alta,0,30,3,4,0,3,211668,44450.28,0.2647058823529412,15
816,29,1,Travel_Rarely,Research & Development,1,Secundaria,Life Sciences,Media,Media,1,Laboratory Technician,Media,Married,2319,1,Yes,11,Alta,Muy_Alta,1,1,1,1,0,0,27828,4480.308,0.6,3
817,33,0,Travel_Rarely,Research & Development,7,Universitaria,Medical,Alta,Alta,3,Research Director,Alta,Married,11691,0,No,11,Alta,Muy_Alta,0,14,3,13,3,7,140292,29461.32,0.0967741935483871,14
819,33,1,Travel_Rarely,Sales,16,Universitaria,Marketing,Baja,Alta,2,Sales Executive,Alta,Single,5324,5,No,15,Alta,Alta,0,6,3,3,0,2,63888,13033.152,0.2647058823529412,15
820,47,0,Travel_Rarely,Research & Development,2,Universitaria,Other,Alta,Alta,4,Manager,Alta,Married,16752,1,Yes,11,Alta,Alta,1,26,3,26,3,0,201024,42215.04,0.10135135135135136,11
823,36,0,Travel_Rarely,Research & Development,1,Universitaria,Other,Alta,Alta,2,Manufacturing Director,Alta,Married,5228,0,No,15,Alta,Baja,1,10,2,9,0,5,62736,12798.143999999998,0.03409090909090909,18
824,29,0,Travel_Rarely,Research & Development,23,Master,Life Sciences,Alta,Muy_Alta,1,Research Scientist,Muy_Alta,Married,2700,1,No,24,Muy_Alta,Alta,1,10,3,10,0,7,32400,6382.8,0.03409090909090909,18
825,58,1,Travel_Rarely,Research & Development,2,Universitaria,Life Sciences,Muy_Alta,Alta,5,Research Director,Alta,Single,19246,7,Yes,12,Alta,Muy_Alta,0,40,2,31,13,8,230952,48499.92,0.32,10
826,35,0,Travel_Rarely,Research & Development,1,Master,Life Sciences,Muy_Alta,Muy_Alta,1,Research Scientist,Muy_Alta,Single,2506,3,No,13,Alta,Alta,0,7,0,2,2,2,30072,5924.184,0.0967741935483871,14
827,42,0,Travel_Rarely,Research & Development,1,Secundaria,Life Sciences,Muy_Alta,Media,2,Manufacturing Director,Media,Married,6062,9,Yes,13,Alta,Muy_Alta,1,8,4,4,0,2,72744,14839.776,0.10135135135135136,11
828,28,1,Travel_Rarely,Research & Development,2,Universitaria,Medical,Alta,Alta,1,Research Scientist,Alta,Single,4382,6,No,17,Alta,Muy_Alta,0,5,3,2,2,1,52584,10727.135999999999,0.2647058823529412,15
829,36,0,Travel_Rarely,Human Resources,13,Universitaria,Human Resources,Alta,Alta,1,Human Resources,Alta,Married,2143,4,No,13,Alta,Media,1,8,2,5,0,4,25716,4140.276,0.0948905109489051,17
830,32,0,Travel_Rarely,Research & Development,4,Secundaria,Life Sciences,Alta,Media,2,Manufacturing Director,Media,Married,6162,1,No,12,Alta,Alta,1,14,3,14,6,8,73944,15084.576,0.03409090909090909,18
832,40,0,Travel_Frequently,Research & Development,16,Secundaria,Medical,Baja,Media,2,Laboratory Technician,Media,Single,5094,6,No,14,Alta,Muy_Alta,0,10,6,1,0,0,61128,12470.112,0.2647058823529412,15
833,30,0,Travel_Rarely,Research & Development,2,Universitaria,Medical,Alta,Alta,2,Manufacturing Director,Alta,Single,6877,5,Yes,24,Muy_Alta,Media,0,12,4,0,0,0,82524,17330.04,0.32,10
834,45,0,Travel_Rarely,Research & Development,2,Secundaria,Life Sciences,Media,Media,1,Research Scientist,Media,Single,2274,1,No,14,Alta,Muy_Alta,0,1,3,1,0,0,27288,4393.368,0.3,5
836,42,0,Travel_Rarely,Research & Development,29,Universitaria,Life Sciences,Media,Alta,2,Manufacturing Director,Alta,Married,4434,1,No,13,Alta,Muy_Alta,1,10,3,9,7,8,53208,10854.431999999999,0.03409090909090909,18
837,38,0,Travel_Frequently,Research & Development,12,Secundaria,Life Sciences,Baja,Media,2,Healthcare Representative,Media,Divorced,6288,2,No,15,Alta,Alta,1,13,3,4,1,2,75456,15845.76,0.03409090909090909,18
838,34,0,Travel_Frequently,Research & Development,16,Secundaria,Life Sciences,Alta,Media,1,Research Scientist,Media,Single,2553,1,No,16,Alta,Alta,0,6,3,5,1,3,30636,6035.292,0.0967741935483871,14
840,49,1,Travel_Rarely,Sales,11,Universitaria,Marketing,Alta,Alta,3,Sales Executive,Alta,Married,7654,1,No,18,Alta,Baja,2,9,3,9,7,7,91848,19288.079999999998,0.0948905109489051,17
842,55,1,Travel_Rarely,Sales,2,Universitaria,Medical,Alta,Alta,2,Sales Executive,Alta,Single,5160,4,No,16,Alta,Alta,0,12,3,9,7,3,61920,12631.679999999998,0.0967741935483871,14
843,43,0,Travel_Rarely,Research & Development,14,Universitaria,Life Sciences,Media,Alta,4,Research Director,Alta,Married,17159,6,No,24,Muy_Alta,Alta,1,22,3,4,1,0,205908,43240.68,0.03409090909090909,18
844,27,0,Travel_Rarely,Research & Development,5,Secundaria,Technical Degree,Alta,Media,3,Research Director,Media,Divorced,12808,1,Yes,16,Alta,Media,1,9,3,9,0,8,153696,32276.16,0.10135135135135136,11
845,35,0,Travel_Rarely,Research & Development,7,Universitaria,Other,Alta,Alta,3,Manufacturing Director,Alta,Single,10221,3,No,21,Muy_Alta,Media,0,17,3,8,1,6,122652,25756.92,0.0967741935483871,14
846,28,0,Travel_Rarely,Sales,2,Universitaria,Marketing,Media,Alta,2,Sales Executive,Alta,Married,4779,1,Yes,20,Muy_Alta,Baja,0,8,2,8,7,5,57348,11698.991999999998,0.32,10
847,34,0,Travel_Rarely,Human Resources,3,Universitaria,Human Resources,Alta,Alta,1,Human Resources,Alta,Married,3737,0,No,19,Alta,Alta,1,4,1,3,0,2,44844,8834.268,0.0948905109489051,17
848,26,1,Travel_Frequently,Research & Development,5,Universitaria,Medical,Alta,Media,1,Research Scientist,Media,Married,2366,1,Yes,14,Alta,Baja,1,8,2,8,1,7,28392,4571.112,0.6285714285714286,8
850,27,0,Non-Travel,Research & Development,3,Universitaria,Medical,Muy_Alta,Alta,1,Research Scientist,Alta,Married,1706,1,No,11,Alta,Alta,3,0,6,0,0,0,20472,3295.992,0.3,5
851,51,0,Travel_Rarely,Sales,26,Universitaria,Marketing,Baja,Alta,4,Manager,Alta,Married,16307,2,No,14,Alta,Alta,1,29,2,20,4,17,195684,41093.64,0.0948905109489051,17
852,44,0,Travel_Rarely,Research & Development,4,Universitaria,Medical,Muy_Alta,Alta,2,Healthcare Representative,Alta,Single,5933,9,No,12,Alta,Muy_Alta,0,10,2,5,2,3,71196,14523.983999999999,0.2647058823529412,15
854,25,0,Travel_Rarely,Research & Development,2,Master,Medical,Baja,Muy_Alta,1,Research Scientist,Muy_Alta,Single,3424,7,No,13,Alta,Alta,0,6,3,4,0,1,41088,8094.336,0.2647058823529412,15
855,33,0,Travel_Rarely,Sales,1,Master,Medical,Baja,Muy_Alta,2,Sales Executive,Muy_Alta,Divorced,4037,1,No,22,Muy_Alta,Baja,1,9,5,9,0,8,48444,9543.468,0.0948905109489051,17
856,35,0,Travel_Rarely,Research & Development,27,Secundaria,Medical,Alta,Media,1,Research Scientist,Media,Single,2559,1,No,11,Alta,Muy_Alta,0,6,3,6,1,1,30708,6049.476000000001,0.0967741935483871,14
857,36,0,Travel_Rarely,Sales,1,Universitaria,Life Sciences,Media,Alta,2,Sales Executive,Alta,Married,6201,1,Yes,14,Alta,Muy_Alta,1,18,1,18,4,11,74412,15180.047999999999,0.10135135135135136,11
859,32,0,Travel_Rarely,Sales,13,Universitaria,Life Sciences,Media,Alta,2,Sales Executive,Alta,Divorced,4403,2,No,11,Alta,Alta,1,8,3,5,0,3,52836,10778.544,0.0948905109489051,17
861,30,0,Travel_Frequently,Research & Development,5,Secundaria,Life Sciences,Media,Media,1,Research Scientist,Media,Divorced,3761,9,No,12,Alta,Media,1,10,3,5,0,3,45132,8891.004,0.03409090909090909,18
862,53,0,Travel_Rarely,Sales,7,Secundaria,Marketing,Baja,Media,3,Sales Executive,Media,Married,10934,7,Yes,18,Alta,Muy_Alta,1,35,3,5,0,4,131208,27553.68,0.10135135135135136,11
864,45,0,Travel_Rarely,Sales,9,Universitaria,Marketing,Muy_Alta,Alta,3,Sales Executive,Alta,Divorced,10761,4,Yes,12,Alta,Alta,1,18,2,5,0,2,129132,27117.719999999998,0.10135135135135136,11
865,32,0,Travel_Rarely,Research & Development,8,Master,Medical,Alta,Muy_Alta,2,Research Scientist,Muy_Alta,Married,5175,5,No,12,Alta,Alta,1,9,3,5,1,3,62100,12668.4,0.03409090909090909,18
867,52,0,Travel_Frequently,Research & Development,25,Secundaria,Medical,Alta,Media,4,Manufacturing Director,Media,Married,13826,3,No,22,Muy_Alta,Alta,0,31,3,9,0,0,165912,34841.52,0.0967741935483871,14
868,37,0,Travel_Rarely,Sales,16,Secundaria,Marketing,Muy_Alta,Media,2,Sales Executive,Media,Divorced,6334,4,No,19,Alta,Muy_Alta,2,9,2,1,0,0,76008,15961.68,0.0948905109489051,17
869,28,0,Travel_Rarely,Human Resources,8,Secundaria,Medical,Media,Media,1,Human Resources,Media,Divorced,4936,1,No,13,Alta,Muy_Alta,1,6,6,5,0,4,59232,12083.328,0.0948905109489051,17
872,22,0,Travel_Rarely,Research & Development,1,Universitaria,Life Sciences,Muy_Alta,Alta,2,Manufacturing Director,Alta,Married,4775,6,No,22,Muy_Alta,Baja,2,4,2,2,2,2,57300,11689.199999999999,0.03409090909090909,18
874,44,0,Travel_Rarely,Research & Development,8,Master,Life Sciences,Baja,Muy_Alta,1,Laboratory Technician,Alta,Married,2818,2,Yes,24,Muy_Alta,Alta,1,10,2,3,0,2,33816,6661.752,0.10135135135135136,11
875,42,0,Travel_Frequently,Research & Development,2,Universitaria,Medical,Media,Alta,1,Research Scientist,Alta,Single,2515,5,Yes,14,Alta,Muy_Alta,0,8,2,2,2,2,30180,5945.46,0.32,10
878,36,0,Travel_Rarely,Human Resources,8,Secundaria,Life Sciences,Baja,Media,1,Human Resources,Media,Married,2342,0,No,21,Muy_Alta,Alta,0,6,3,5,0,3,28104,4524.744,0.0967741935483871,14
879,25,0,Travel_Rarely,Sales,3,Universitaria,Other,Alta,Alta,2,Sales Executive,Alta,Married,4194,1,Yes,18,Alta,Muy_Alta,0,5,3,5,0,3,50328,10266.911999999998,0.32,10
880,35,0,Travel_Rarely,Research & Development,9,Secundaria,Life Sciences,Muy_Alta,Media,3,Manufacturing Director,Alta,Married,10685,1,Yes,20,Muy_Alta,Media,1,17,2,17,5,15,128220,26926.2,0.10135135135135136,11
881,35,1,Travel_Frequently,Research & Development,25,Universitaria,Life Sciences,Muy_Alta,Alta,1,Research Scientist,Alta,Divorced,2022,1,Yes,19,Alta,Baja,1,10,3,10,7,8,24264,3906.504,0.6285714285714286,8
882,32,0,Non-Travel,Research & Development,1,Universitaria,Life Sciences,Muy_Alta,Alta,1,Laboratory Technician,Alta,Divorced,2314,0,No,12,Alta,Media,1,4,2,3,0,2,27768,4470.648,0.03409090909090909,18
885,25,0,Travel_Rarely,Sales,4,Secundaria,Marketing,Alta,Media,2,Sales Executive,Media,Married,4256,1,No,12,Alta,Baja,0,5,1,5,0,3,51072,10418.688,0.0967741935483871,14
887,49,0,Travel_Rarely,Research & Development,1,Universitaria,Technical Degree,Alta,Alta,1,Research Scientist,Alta,Married,3580,2,No,16,Alta,Media,1,7,2,4,0,2,42960,8463.12,0.03409090909090909,18
888,24,0,Non-Travel,Research & Development,4,Secundaria,Life Sciences,Baja,Media,1,Laboratory Technician,Media,Married,3162,0,No,17,Alta,Muy_Alta,0,6,2,5,3,4,37944,7474.968000000001,0.0967741935483871,14
889,32,0,Travel_Frequently,Sales,5,Universitaria,Life Sciences,Media,Alta,2,Sales Executive,Alta,Married,6524,1,No,14,Alta,Muy_Alta,1,10,3,10,5,3,78288,16440.48,0.0948905109489051,17
893,38,0,Travel_Rarely,Sales,9,Secundaria,Marketing,Media,Media,1,Sales Representative,Media,Married,2899,0,No,19,Alta,Muy_Alta,1,3,3,2,1,2,34788,6853.236,0.0948905109489051,17
894,42,0,Travel_Rarely,Research & Development,3,Universitaria,Life Sciences,Alta,Muy_Alta,2,Laboratory Technician,Muy_Alta,Married,5231,2,Yes,13,Alta,Media,1,17,1,5,1,3,62772,12805.488,0.10135135135135136,11
895,31,0,Travel_Rarely,Research & Development,11,Universitaria,Life Sciences,Muy_Alta,Alta,1,Research Scientist,Alta,Married,2356,3,Yes,19,Alta,Media,1,8,2,6,0,2,28272,4551.792,0.6285714285714286,8
896,29,1,Travel_Rarely,Sales,1,Secundaria,Medical,Media,Media,1,Sales Representative,Media,Divorced,2800,6,Yes,19,Alta,Alta,3,5,3,3,0,2,33600,6619.200000000001,0.10135135135135136,11
897,53,0,Travel_Rarely,Sales,8,Universitaria,Marketing,Baja,Alta,4,Sales Executive,Alta,Married,11836,5,No,14,Alta,Alta,1,28,3,2,2,2,142032,29826.719999999998,0.0948905109489051,17
899,35,0,Travel_Rarely,Research & Development,25,Secundaria,Technical Degree,Muy_Alta,Media,3,Manufacturing Director,Media,Married,10903,3,No,16,Alta,Baja,0,16,2,13,4,8,130836,27475.559999999998,0.0967741935483871,14
900,37,0,Travel_Frequently,Sales,21,Universitaria,Medical,Alta,Alta,1,Sales Representative,Alta,Married,2973,5,No,15,Alta,Media,1,10,3,5,0,0,35676,7028.1720000000005,0.0948905109489051,17
901,53,0,Travel_Rarely,Research & Development,23,Universitaria,Life Sciences,Muy_Alta,Alta,4,Research Director,Alta,Single,14275,6,No,18,Alta,Alta,0,33,0,12,3,8,171300,35973.0,0.2647058823529412,15
902,43,0,Travel_Frequently,Research & Development,1,Universitaria,Life Sciences,Muy_Alta,Alta,2,Healthcare Representative,Alta,Married,5562,4,No,13,Alta,Media,1,12,2,5,2,2,66744,13615.776,0.03409090909090909,18
903,47,0,Travel_Rarely,Sales,2,Universitaria,Marketing,Alta,Alta,2,Sales Executive,Alta,Married,4537,0,Yes,22,Muy_Alta,Baja,1,8,2,7,7,7,54444,11106.576,0.10135135135135136,11
904,37,0,Non-Travel,Sales,19,Universitaria,Medical,Baja,Alta,3,Sales Executive,Alta,Single,7642,1,Yes,13,Alta,Muy_Alta,0,10,2,10,0,9,91704,19257.84,0.32,10
905,50,0,Non-Travel,Research & Development,2,Universitaria,Life Sciences,Baja,Alta,4,Manager,Alta,Divorced,17924,1,No,11,Alta,Muy_Alta,1,31,3,31,14,7,215088,45168.479999999996,0.03409090909090909,18
909,39,0,Travel_Rarely,Human Resources,2,Secundaria,Life Sciences,Muy_Alta,Media,2,Human Resources,Media,Married,5204,8,No,11,Alta,Alta,2,13,2,5,0,4,62448,12739.392,0.0948905109489051,17
910,33,0,Travel_Rarely,Human Resources,3,Universitaria,Human Resources,Muy_Alta,Alta,1,Human Resources,Alta,Divorced,2277,3,Yes,11,Alta,Alta,1,7,4,4,0,3,27324,4399.164,0.6285714285714286,8
911,32,1,Travel_Rarely,Research & Development,25,Universitaria,Life Sciences,Baja,Alta,1,Laboratory Technician,Alta,Single,2795,1,Yes,24,Muy_Alta,Alta,0,1,2,1,0,1,33540,6607.38,0.9,4
912,29,0,Travel_Rarely,Research & Development,7,Secundaria,Medical,Baja,Media,1,Laboratory Technician,Media,Divorced,2532,6,No,14,Alta,Alta,3,8,5,4,0,3,30384,5985.648,0.03409090909090909,18
913,44,0,Travel_Rarely,Research & Development,9,Universitaria,Life Sciences,Media,Alta,1,Research Scientist,Alta,Married,2559,1,Yes,13,Alta,Muy_Alta,0,8,0,8,7,1,30708,6049.476000000001,0.32,10
916,28,0,Travel_Rarely,Sales,5,Universitaria,Medical,Baja,Alta,2,Sales Executive,Alta,Single,4908,1,No,14,Alta,Media,0,4,3,4,0,2,58896,12014.784,0.0967741935483871,14
918,58,1,Travel_Frequently,Research & Development,2,Secundaria,Life Sciences,Muy_Alta,Media,1,Laboratory Technician,Media,Divorced,2380,9,Yes,14,Alta,Muy_Alta,1,3,3,1,0,0,28560,4598.16,0.6285714285714286,8
920,43,0,Travel_Rarely,Research & Development,8,Universitaria,Life Sciences,Baja,Alta,2,Manufacturing Director,Alta,Divorced,4765,4,No,21,Muy_Alta,Alta,1,4,2,1,0,0,57180,11664.72,0.03409090909090909,18
922,20,1,Travel_Rarely,Sales,2,Secundaria,Medical,Alta,Media,1,Sales Representative,Media,Single,2044,1,No,13,Alta,Muy_Alta,0,2,3,2,0,2,24528,3949.0080000000003,0.0967741935483871,14
923,21,1,Travel_Rarely,Research & Development,18,Universitaria,Other,Muy_Alta,Alta,1,Research Scientist,Alta,Single,2693,1,No,19,Alta,Baja,0,1,3,1,0,0,32316,6366.252,0.3,5
924,36,0,Travel_Rarely,Research & Development,14,Universitaria,Life Sciences,Alta,Alta,2,Healthcare Representative,Alta,Married,6586,0,Yes,17,Alta,Baja,1,17,2,16,4,11,79032,16596.72,0.10135135135135136,11
925,47,0,Travel_Rarely,Sales,2,Secundaria,Life Sciences,Muy_Alta,Media,1,Sales Representative,Media,Single,3294,1,Yes,18,Alta,Baja,0,3,3,3,1,2,39528,7787.0160000000005,0.32,10
926,22,1,Travel_Rarely,Research & Development,3,Universitaria,Life Sciences,Media,Alta,2,Manufacturing Director,Alta,Married,4171,0,Yes,19,Alta,Baja,1,4,3,3,0,2,50052,10210.608,0.10135135135135136,11
927,41,1,Travel_Rarely,Research & Development,2,Primaria,Life Sciences,Media,Baja,1,Laboratory Technician,Baja,Divorced,2778,4,Yes,13,Alta,Alta,1,10,1,7,1,0,33336,6567.192,0.10135135135135136,11
930,28,0,Travel_Rarely,Research & Development,9,Universitaria,Medical,Alta,Alta,1,Research Scientist,Alta,Divorced,2377,5,No,18,Alta,Media,1,6,2,2,2,2,28524,4592.3640000000005,0.03409090909090909,18
932,39,1,Travel_Rarely,Research & Development,6,Universitaria,Medical,Muy_Alta,Alta,1,Laboratory Technician,Alta,Married,2404,7,Yes,21,Muy_Alta,Muy_Alta,0,8,2,2,2,2,28848,4644.528,0.6285714285714286,8
933,27,0,Travel_Rarely,Research & Development,4,Universitaria,Life Sciences,Media,Alta,1,Research Scientist,Alta,Single,2318,1,No,19,Alta,Alta,0,1,2,1,0,0,27816,4478.376,0.3,5
934,34,0,Travel_Rarely,Research & Development,10,Universitaria,Life Sciences,Media,Alta,1,Laboratory Technician,Alta,Divorced,2008,1,No,14,Alta,Media,2,1,3,1,1,0,24096,3879.456,0.6,3
936,42,0,Travel_Rarely,Sales,14,Secundaria,Medical,Alta,Media,2,Sales Executive,Media,Single,6244,7,No,17,Alta,Baja,0,10,6,5,0,3,74928,15285.312,0.2647058823529412,15
939,33,0,Travel_Rarely,Research & Development,1,Secundaria,Other,Alta,Media,1,Research Scientist,Media,Single,2799,3,Yes,11,Alta,Media,0,6,1,3,0,2,33588,6616.836,0.32,10
940,58,0,Travel_Rarely,Research & Development,5,Secundaria,Technical Degree,Alta,Media,3,Healthcare Representative,Media,Divorced,10552,2,Yes,13,Alta,Muy_Alta,1,24,3,6,0,4,126624,26591.039999999997,0.10135135135135136,11
941,31,0,Travel_Rarely,Sales,7,Secundaria,Life Sciences,Media,Media,1,Sales Representative,Media,Married,2329,3,No,15,Alta,Media,0,13,2,7,5,2,27948,4499.628,0.0967741935483871,14
942,35,0,Travel_Rarely,Research & Development,21,Universitaria,Life Sciences,Muy_Alta,Alta,2,Healthcare Representative,Alta,Married,4014,1,Yes,25,Muy_Alta,Muy_Alta,1,10,2,10,0,7,48168,9489.096,0.10135135135135136,11
944,49,0,Travel_Rarely,Research & Development,8,Universitaria,Other,Baja,Alta,3,Laboratory Technician,Alta,Married,7403,4,No,11,Alta,Alta,1,29,3,26,1,7,88836,18655.559999999998,0.03409090909090909,18
945,48,0,Travel_Rarely,Research & Development,20,Universitaria,Medical,Muy_Alta,Alta,1,Research Scientist,Alta,Married,2259,4,No,17,Alta,Baja,2,13,2,0,0,0,27108,4364.388,0.03409090909090909,18
947,31,0,Non-Travel,Sales,20,Universitaria,Marketing,Muy_Alta,Alta,2,Sales Executive,Alta,Married,6932,1,No,13,Alta,Muy_Alta,1,9,2,9,0,0,83184,17468.64,0.0948905109489051,17
949,36,0,Travel_Rarely,Research & Development,7,Universitaria,Other,Media,Alta,1,Research Scientist,Alta,Single,4678,2,No,18,Alta,Alta,0,8,6,6,0,1,56136,11451.743999999999,0.0967741935483871,14
950,38,0,Travel_Rarely,Research & Development,1,Universitaria,Technical Degree,Muy_Alta,Alta,3,Research Director,Alta,Married,13582,1,No,13,Alta,Media,1,15,3,15,5,11,162984,34226.64,0.03409090909090909,18
951,32,0,Non-Travel,Research & Development,1,Secundaria,Life Sciences,Alta,Media,1,Laboratory Technician,Media,Married,2332,6,No,20,Muy_Alta,Alta,0,5,3,3,0,2,27984,4505.424,0.2647058823529412,15
952,25,1,Travel_Rarely,Sales,19,Secundaria,Marketing,Alta,Media,1,Sales Representative,Media,Married,2413,1,Yes,18,Alta,Alta,3,1,2,1,0,0,28956,4661.916,0.6,3
954,40,0,Travel_Rarely,Sales,10,Secundaria,Marketing,Baja,Media,3,Sales Executive,Media,Divorced,9705,2,No,12,Alta,Media,1,11,2,1,0,0,116460,24456.6,0.0948905109489051,17
956,26,0,Travel_Frequently,Sales,1,Secundaria,Medical,Alta,Media,2,Sales Executive,Media,Single,4294,1,No,12,Alta,Media,0,7,2,7,0,7,51528,10511.712,0.0967741935483871,14
957,41,0,Travel_Rarely,Research & Development,6,Universitaria,Medical,Muy_Alta,Alta,1,Laboratory Technician,Alta,Single,4721,2,Yes,13,Alta,Alta,0,20,3,18,2,17,56652,11557.008,0.32,10
958,36,0,Travel_Rarely,Research & Development,2,Universitaria,Medical,Alta,Alta,1,Laboratory Technician,Alta,Single,2519,4,No,21,Muy_Alta,Alta,0,16,6,11,3,9,30228,5954.916,0.0967741935483871,14
959,19,1,Travel_Rarely,Sales,21,Secundaria,Other,Muy_Alta,Media,1,Sales Representative,Media,Single,2121,1,Yes,13,Alta,Media,0,1,3,1,0,0,25452,4097.772,0.9,4
960,20,1,Travel_Rarely,Research & Development,4,Universitaria,Technical Degree,Baja,Alta,1,Laboratory Technician,Alta,Single,2973,1,No,19,Alta,Media,0,1,2,1,0,0,35676,7028.1720000000005,0.9,4
961,31,0,Travel_Rarely,Research & Development,12,Universitaria,Medical,Muy_Alta,Alta,2,Healthcare Representative,Alta,Married,5855,0,Yes,11,Alta,Alta,2,10,2,9,8,5,70260,14333.039999999999,0.10135135135135136,11
964,40,0,Travel_Frequently,Research & Development,9,Universitaria,Medical,Muy_Alta,Alta,1,Research Scientist,Alta,Divorced,3617,8,Yes,14,Alta,Muy_Alta,1,3,2,1,0,0,43404,8550.588,0.10135135135135136,11
966,32,0,Travel_Rarely,Research & Development,3,Universitaria,Medical,Alta,Alta,2,Manufacturing Director,Alta,Married,6725,1,No,12,Alta,Alta,1,8,2,8,6,3,80700,16947.0,0.03409090909090909,18
967,36,1,Travel_Rarely,Sales,3,Secundaria,Life Sciences,Alta,Media,3,Sales Executive,Media,Married,10325,1,Yes,11,Alta,Baja,1,16,6,16,3,7,123900,26019.0,0.10135135135135136,11
969,33,0,Travel_Rarely,Research & Development,1,Secundaria,Life Sciences,Media,Media,2,Healthcare Representative,Media,Single,6949,0,No,14,Alta,Baja,0,6,3,5,1,4,83388,17511.48,0.0967741935483871,14
970,37,1,Travel_Rarely,Sales,1,Secundaria,Life Sciences,Baja,Media,3,Sales Executive,Media,Married,10609,5,No,11,Alta,Alta,0,17,2,14,11,7,127308,26734.68,0.2647058823529412,15
972,45,0,Non-Travel,Research & Development,4,Universitaria,Life Sciences,Alta,Alta,2,Laboratory Technician,Alta,Married,4447,1,No,12,Alta,Media,0,9,5,9,0,8,53364,10886.256,0.0967741935483871,14
974,29,0,Travel_Frequently,Sales,20,Universitaria,Technical Degree,Alta,Alta,1,Sales Representative,Alta,Married,2157,1,No,15,Alta,Media,1,3,5,3,0,2,25884,4167.3240000000005,0.0948905109489051,17
975,35,0,Travel_Rarely,Sales,18,Universitaria,Medical,Alta,Alta,2,Sales Executive,Alta,Married,4601,1,No,16,Alta,Media,0,5,3,5,1,0,55212,11263.248,0.0967741935483871,14
976,52,0,Travel_Rarely,Research & Development,1,Universitaria,Life Sciences,Muy_Alta,Alta,4,Manager,Alta,Married,17099,2,No,15,Alta,Media,1,26,2,9,7,8,205188,43089.479999999996,0.03409090909090909,18
977,58,1,Travel_Rarely,Research & Development,2,Universitaria,Technical Degree,Muy_Alta,Alta,1,Research Scientist,Alta,Single,2479,4,No,24,Muy_Alta,Baja,0,7,4,1,0,0,29748,4789.428,0.0967741935483871,14
981,53,0,Travel_Rarely,Sales,2,Universitaria,Medical,Alta,Alta,4,Manager,Alta,Divorced,14852,6,No,13,Alta,Alta,1,22,3,17,15,2,178224,37427.04,0.0948905109489051,17
982,30,0,Travel_Rarely,Sales,8,Universitaria,Other,Alta,Alta,3,Sales Executive,Alta,Divorced,7264,5,No,11,Alta,Baja,1,10,2,8,7,7,87168,18305.28,0.0948905109489051,17
983,38,0,Non-Travel,Sales,10,Universitaria,Technical Degree,Alta,Alta,2,Sales Executive,Alta,Single,5666,1,Yes,13,Alta,Media,0,6,1,5,1,3,67992,13870.367999999999,0.32,10
984,35,0,Travel_Rarely,Sales,3,Universitaria,Life Sciences,Muy_Alta,Alta,3,Sales Executive,Alta,Divorced,7823,6,No,13,Alta,Media,1,12,2,10,0,8,93876,19713.96,0.0948905109489051,17
985,39,0,Travel_Rarely,Sales,2,Universitaria,Life Sciences,Baja,Muy_Alta,3,Sales Executive,Muy_Alta,Single,7880,0,No,18,Alta,Muy_Alta,0,9,3,8,0,7,94560,19857.6,0.0967741935483871,14
986,40,1,Non-Travel,Sales,24,Master,Life Sciences,Media,Muy_Alta,4,Sales Executive,Muy_Alta,Single,13194,4,Yes,16,Alta,Muy_Alta,0,22,2,1,0,0,158328,33248.88,0.32,10
987,47,0,Travel_Frequently,Research & Development,16,Master,Medical,Alta,Muy_Alta,2,Manufacturing Director,Muy_Alta,Divorced,5067,1,Yes,19,Alta,Alta,0,20,3,19,2,7,60804,12404.016,0.32,10
990,36,0,Non-Travel,Sales,8,Universitaria,Technical Degree,Baja,Alta,2,Sales Executive,Alta,Divorced,5079,4,No,13,Alta,Muy_Alta,2,12,3,7,0,7,60948,12433.392,0.0948905109489051,17
991,31,1,Non-Travel,Research & Development,9,Secundaria,Medical,Alta,Media,1,Research Scientist,Media,Single,2321,0,Yes,22,Muy_Alta,Baja,0,4,0,3,1,2,27852,4484.1720000000005,0.6285714285714286,8
992,33,0,Non-Travel,Sales,17,Universitaria,Life Sciences,Muy_Alta,Alta,4,Manager,Alta,Single,17444,1,No,11,Alta,Muy_Alta,0,10,2,10,6,0,209328,43958.88,0.0967741935483871,14
994,29,1,Travel_Rarely,Research & Development,10,Secundaria,Life Sciences,Muy_Alta,Media,1,Research Scientist,Media,Single,2404,6,Yes,20,Muy_Alta,Alta,0,3,5,0,0,0,28848,4644.528,0.6285714285714286,8
995,33,0,Travel_Rarely,Research & Development,13,Universitaria,Life Sciences,Media,Alta,1,Research Scientist,Alta,Single,3452,3,No,18,Alta,Baja,0,5,4,3,0,2,41424,8160.528,0.0967741935483871,14
996,45,0,Travel_Rarely,Research & Development,1,Universitaria,Medical,Muy_Alta,Alta,1,Laboratory Technician,Alta,Divorced,2270,3,No,14,Alta,Muy_Alta,2,8,2,5,0,2,27240,4385.64,0.03409090909090909,18
997,50,0,Travel_Rarely,Research & Development,1,Universitaria,Medical,Muy_Alta,Alta,4,Research Director,Alta,Divorced,17399,9,No,22,Muy_Alta,Alta,1,32,1,5,1,3,208788,43845.479999999996,0.03409090909090909,18
998,33,0,Travel_Frequently,Research & Development,1,Master,Other,Alta,Muy_Alta,2,Healthcare Representative,Muy_Alta,Married,5488,1,Yes,13,Alta,Baja,1,6,2,6,1,2,65856,13434.624,0.10135135135135136,11
999,41,0,Travel_Frequently,Research & Development,9,Universitaria,Medical,Baja,Alta,5,Research Director,Alta,Divorced,19419,2,No,17,Alta,Media,1,21,2,18,0,11,233028,48935.88,0.03409090909090909,18
1001,27,0,Travel_Rarely,Research & Development,16,Universitaria,Technical Degree,Alta,Alta,1,Laboratory Technician,Alta,Married,2811,9,No,14,Alta,Media,1,4,2,2,2,2,33732,6645.204000000001,0.03409090909090909,18
1002,45,0,Non-Travel,Research & Development,23,Universitaria,Life Sciences,Muy_Alta,Alta,2,Laboratory Technician,Alta,Married,3633,1,Yes,15,Alta,Alta,1,9,2,9,0,8,43596,8588.412,0.10135135135135136,11
1003,47,0,Travel_Rarely,Sales,4,Universitaria,Life Sciences,Muy_Alta,Alta,2,Sales Executive,Alta,Single,4163,1,Yes,17,Alta,Alta,0,9,0,9,0,7,49956,9841.332,0.32,10
1004,30,1,Travel_Rarely,Research & Development,22,Universitaria,Life Sciences,Baja,Alta,1,Research Scientist,Alta,Married,2132,4,Yes,11,Alta,Media,0,7,2,5,0,1,25584,4119.024,0.6285714285714286,8
1005,50,0,Travel_Rarely,Research & Development,24,Universitaria,Life Sciences,Muy_Alta,Alta,4,Manufacturing Director,Alta,Married,13973,3,Yes,18,Alta,Muy_Alta,1,22,2,12,1,5,167676,35211.96,0.10135135135135136,11
1006,38,0,Travel_Frequently,Research & Development,10,Universitaria,Medical,Alta,Alta,1,Research Scientist,Alta,Married,2684,0,No,17,Alta,Media,1,3,0,2,0,2,32208,6344.976000000001,0.03409090909090909,18
1007,46,0,Travel_Rarely,Research & Development,7,Universitaria,Medical,Muy_Alta,Alta,3,Manufacturing Director,Alta,Divorced,10845,6,No,13,Alta,Media,1,13,3,8,0,7,130140,27329.399999999998,0.03409090909090909,18
1009,24,0,Travel_Rarely,Research & Development,17,Secundaria,Medical,Muy_Alta,Media,2,Manufacturing Director,Media,Divorced,4377,1,No,15,Alta,Media,2,5,6,4,3,2,52524,10714.895999999999,0.03409090909090909,18
1010,35,1,Travel_Rarely,Research & Development,14,Universitaria,Other,Alta,Media,1,Laboratory Technician,Media,Divorced,3743,1,Yes,24,Muy_Alta,Muy_Alta,1,5,2,4,0,2,44916,8848.452000000001,0.10135135135135136,11
1011,31,0,Travel_Frequently,Research & Development,1,Universitaria,Life Sciences,Alta,Alta,2,Manufacturing Director,Alta,Married,4148,1,No,12,Alta,Alta,1,4,1,4,0,3,49776,9805.872000000001,0.03409090909090909,18
1012,18,0,Non-Travel,Research & Development,5,Universitaria,Life Sciences,Media,Alta,1,Research Scientist,Alta,Single,1051,1,No,15,Alta,Muy_Alta,0,0,2,0,0,0,12612,2030.5320000000002,0.3,5
1013,54,0,Travel_Rarely,Research & Development,17,Universitaria,Technical Degree,Alta,Alta,3,Manufacturing Director,Alta,Married,10739,8,No,11,Alta,Alta,1,22,2,10,0,8,128868,27062.28,0.03409090909090909,18
1014,35,0,Travel_Rarely,Research & Development,25,Universitaria,Medical,Alta,Alta,3,Healthcare Representative,Alta,Divorced,10388,1,Yes,11,Alta,Alta,1,16,3,16,10,1,124656,26177.76,0.10135135135135136,11
1015,30,0,Travel_Rarely,Research & Development,8,Master,Life Sciences,Media,Muy_Alta,3,Research Director,Muy_Alta,Married,11416,0,Yes,12,Alta,Alta,3,9,4,8,1,7,136992,28768.32,0.10135135135135136,11
1016,20,1,Travel_Rarely,Research & Development,11,Secundaria,Medical,Muy_Alta,Media,1,Research Scientist,Media,Single,2600,1,Yes,15,Alta,Baja,0,1,2,1,0,0,31200,6146.400000000001,0.3,5
1017,30,1,Travel_Frequently,Research & Development,5,Universitaria,Medical,Media,Alta,1,Laboratory Technician,Alta,Single,2422,0,No,17,Alta,Baja,0,4,3,3,1,2,29064,4679.304,0.0967741935483871,14
1018,26,0,Travel_Rarely,Research & Development,2,Master,Medical,Muy_Alta,Muy_Alta,2,Manufacturing Director,Muy_Alta,Married,5472,1,No,12,Alta,Media,0,8,2,8,1,3,65664,13395.455999999998,0.0967741935483871,14
1019,22,0,Travel_Rarely,Research & Development,8,Primaria,Life Sciences,Media,Baja,1,Laboratory Technician,Baja,Married,2451,1,No,15,Alta,Baja,1,4,3,4,1,1,29412,4735.332,0.03409090909090909,18
1022,48,0,Travel_Rarely,Research & Development,6,Secundaria,Life Sciences,Baja,Media,2,Healthcare Representative,Media,Single,4240,2,No,13,Alta,Muy_Alta,0,19,0,2,2,2,50880,10379.519999999999,0.0967741935483871,14
1024,48,0,Travel_Rarely,Research & Development,4,Secundaria,Life Sciences,Alta,Media,3,Healthcare Representative,Media,Single,10999,7,No,14,Alta,Media,0,27,3,15,4,8,131988,27717.48,0.2647058823529412,15
1025,41,0,Travel_Rarely,Research & Development,7,Universitaria,Medical,Muy_Alta,Alta,2,Manufacturing Director,Alta,Single,5003,6,No,14,Alta,Media,0,8,6,2,2,1,60036,12247.344,0.2647058823529412,15
1026,39,0,Travel_Rarely,Research & Development,1,Secundaria,Life Sciences,Muy_Alta,Media,4,Manufacturing Director,Alta,Married,12742,1,No,16,Alta,Alta,1,21,3,21,11,8,152904,32109.84,0.03409090909090909,18
1027,27,0,Travel_Rarely,Research & Development,2,Universitaria,Life Sciences,Baja,Alta,2,Manufacturing Director,Alta,Married,4227,0,No,18,Alta,Media,1,4,2,3,2,2,50724,10347.696,0.03409090909090909,18
1028,35,0,Travel_Rarely,Research & Development,10,Universitaria,Other,Media,Alta,1,Laboratory Technician,Alta,Divorced,3917,1,No,20,Muy_Alta,Baja,1,3,4,3,1,2,47004,9259.788,0.03409090909090909,18
1029,42,0,Travel_Rarely,Sales,5,Universitaria,Marketing,Muy_Alta,Alta,5,Manager,Alta,Married,18303,6,No,13,Alta,Media,0,21,3,1,0,0,219636,46123.56,0.2647058823529412,15
1030,50,0,Travel_Rarely,Research & Development,9,Universitaria,Life Sciences,Baja,Alta,1,Laboratory Technician,Alta,Married,2380,4,No,18,Alta,Media,0,8,5,1,0,0,28560,4598.16,0.0967741935483871,14
1032,59,0,Travel_Rarely,Research & Development,2,Secundaria,Life Sciences,Alta,Media,4,Manufacturing Director,Media,Single,13726,3,Yes,13,Alta,Baja,0,30,4,5,4,3,164712,34589.52,0.32,10
1033,37,1,Travel_Rarely,Research & Development,11,Universitaria,Medical,Baja,Baja,2,Healthcare Representative,Baja,Married,4777,5,No,15,Alta,Baja,0,15,2,1,0,0,57324,11694.096,0.2647058823529412,15
1034,55,0,Travel_Frequently,Research & Development,18,Universitaria,Medical,Alta,Alta,2,Healthcare Representative,Alta,Married,6385,3,Yes,14,Alta,Muy_Alta,2,17,3,8,6,7,76620,16090.199999999999,0.10135135135135136,11
1035,41,0,Non-Travel,Research & Development,7,Primaria,Life Sciences,Media,Baja,5,Research Director,Baja,Divorced,19973,1,No,22,Muy_Alta,Media,2,21,3,21,5,10,239676,50331.96,0.03409090909090909,18
1036,38,0,Travel_Rarely,Sales,3,Universitaria,Life Sciences,Media,Alta,2,Sales Executive,Alta,Single,6861,8,Yes,12,Alta,Alta,0,19,1,1,0,0,82332,17289.72,0.32,10
1037,26,1,Non-Travel,Sales,29,Universitaria,Medical,Media,Baja,2,Sales Executive,Baja,Single,4969,8,No,18,Alta,Muy_Alta,0,7,6,2,2,2,59628,12164.112,0.2647058823529412,15
1038,52,1,Travel_Rarely,Sales,2,Primaria,Marketing,Baja,Baja,5,Manager,Baja,Married,19845,1,No,15,Alta,Muy_Alta,1,33,3,32,6,9,238140,50009.4,0.0948905109489051,17
1039,44,0,Travel_Rarely,Sales,28,Master,Medical,Muy_Alta,Muy_Alta,4,Sales Executive,Muy_Alta,Married,13320,3,Yes,18,Alta,Alta,1,23,2,12,11,11,159840,33566.4,0.10135135135135136,11
1040,50,0,Non-Travel,Sales,1,Universitaria,Life Sciences,Muy_Alta,Alta,2,Sales Executive,Alta,Married,6347,0,No,12,Alta,Baja,1,19,3,18,0,13,76164,15994.439999999999,0.0948905109489051,17
1042,36,1,Travel_Rarely,Research & Development,16,Master,Life Sciences,Alta,Muy_Alta,1,Laboratory Technician,Muy_Alta,Single,2743,1,No,16,Alta,Alta,0,18,1,17,15,14,32916,6484.452,0.0967741935483871,14
1043,39,0,Travel_Frequently,Research & Development,22,Universitaria,Medical,Muy_Alta,Alta,3,Manufacturing Director,Alta,Single,10880,1,Yes,13,Alta,Alta,0,21,2,21,2,8,130560,27417.6,0.32,10
1044,33,0,Non-Travel,Sales,8,Secundaria,Life Sciences,Media,Media,1,Sales Representative,Media,Single,2342,0,No,19,Alta,Muy_Alta,0,3,2,2,2,2,28104,4524.744,0.0967741935483871,14
1045,45,0,Travel_Rarely,Sales,11,Universitaria,Life Sciences,Muy_Alta,Alta,4,Manager,Alta,Married,17650,3,No,13,Alta,Media,1,26,4,9,1,1,211800,44478.0,0.0948905109489051,17
1046,32,0,Non-Travel,Research & Development,29,Universitaria,Medical,Muy_Alta,Alta,1,Laboratory Technician,Alta,Single,4025,9,No,12,Alta,Media,0,10,2,8,7,7,48300,9515.1,0.2647058823529412,15
1047,34,0,Travel_Rarely,Sales,1,Master,Marketing,Media,Muy_Alta,2,Sales Executive,Muy_Alta,Divorced,9725,0,No,11,Alta,Muy_Alta,1,16,2,15,0,9,116700,24507.0,0.0948905109489051,17
1048,59,0,Travel_Rarely,Sales,1,Universitaria,Technical Degree,Media,Alta,3,Manager,Alta,Married,11904,3,Yes,14,Alta,Alta,1,14,1,6,0,4,142848,29998.079999999998,0.10135135135135136,11
1049,45,0,Travel_Rarely,Human Resources,24,Universitaria,Medical,Media,Alta,1,Human Resources,Alta,Single,2177,1,No,16,Alta,Baja,0,6,3,6,0,4,26124,4205.964,0.0967741935483871,14
1050,53,0,Travel_Frequently,Sales,2,Universitaria,Marketing,Alta,Media,3,Sales Executive,Media,Married,7525,2,No,12,Alta,Baja,1,30,2,15,6,12,90300,18963.0,0.0948905109489051,17
1052,36,1,Travel_Rarely,Research & Development,15,Universitaria,Other,Baja,Alta,2,Laboratory Technician,Alta,Divorced,4834,7,No,14,Alta,Media,1,9,3,1,0,0,58008,11833.632,0.03409090909090909,18
1053,26,1,Travel_Frequently,Research & Development,2,Universitaria,Life Sciences,Baja,Alta,1,Research Scientist,Alta,Married,2042,6,Yes,14,Alta,Media,1,6,2,3,1,2,24504,3945.1440000000002,0.6285714285714286,8
1055,34,0,Travel_Rarely,Sales,10,Universitaria,Life Sciences,Alta,Alta,1,Sales Representative,Alta,Married,2220,1,Yes,19,Alta,Muy_Alta,1,1,2,1,0,0,26640,4289.04,0.6,3
1056,28,0,Travel_Rarely,Sales,10,Universitaria,Medical,Muy_Alta,Alta,1,Sales Representative,Alta,Married,1052,1,No,22,Muy_Alta,Media,0,1,5,1,0,0,12624,2032.464,0.6,3
1060,38,0,Travel_Frequently,Research & Development,3,Universitaria,Other,Alta,Alta,1,Research Scientist,Alta,Married,2821,3,No,16,Alta,Baja,1,8,2,2,2,2,33852,6668.844,0.03409090909090909,18
1061,50,0,Travel_Rarely,Research & Development,2,Universitaria,Medical,Media,Alta,5,Research Director,Alta,Married,19237,2,Yes,11,Alta,Muy_Alta,1,29,2,8,7,7,230844,48477.24,0.10135135135135136,11
1062,37,0,Travel_Rarely,Research & Development,3,Universitaria,Other,Muy_Alta,Alta,2,Healthcare Representative,Alta,Single,4107,3,No,15,Alta,Baja,0,8,3,4,0,1,49284,9708.948,0.0967741935483871,14
1066,40,0,Travel_Rarely,Sales,26,Universitaria,Marketing,Alta,Alta,2,Sales Executive,Alta,Married,8396,1,No,14,Alta,Media,1,8,3,7,7,5,100752,21157.92,0.0948905109489051,17
1068,26,0,Travel_Frequently,Research & Development,1,Secundaria,Medical,Baja,Media,1,Research Scientist,Media,Divorced,2007,1,No,13,Alta,Alta,2,5,5,5,1,3,24084,3877.524,0.03409090909090909,18
1069,46,0,Travel_Rarely,Research & Development,1,Universitaria,Medical,Muy_Alta,Alta,5,Research Director,Alta,Divorced,19627,9,No,17,Alta,Muy_Alta,2,23,0,2,2,2,235524,49460.04,0.03409090909090909,18
1070,54,0,Travel_Rarely,Sales,2,Secundaria,Life Sciences,Alta,Media,3,Sales Executive,Media,Married,10686,6,No,11,Alta,Media,1,13,4,9,7,0,128232,26928.719999999998,0.0948905109489051,17
1071,56,0,Travel_Frequently,Research & Development,9,Universitaria,Medical,Baja,Alta,1,Research Scientist,Alta,Married,2942,2,No,19,Alta,Media,1,18,4,5,0,3,35304,6954.888,0.03409090909090909,18
1073,36,0,Travel_Rarely,Research & Development,12,Secundaria,Medical,Muy_Alta,Media,3,Manufacturing Director,Media,Single,8858,0,No,11,Alta,Media,0,15,2,14,7,8,106296,22322.16,0.0967741935483871,14
1074,55,0,Non-Travel,Research & Development,2,Secundaria,Medical,Alta,Media,4,Manager,Media,Single,16756,7,No,15,Alta,Media,0,31,3,9,6,2,201072,42225.119999999995,0.2647058823529412,15
1076,43,0,Travel_Rarely,Sales,25,Secundaria,Medical,Alta,Media,3,Sales Executive,Media,Divorced,10798,5,No,13,Alta,Alta,1,18,5,1,0,0,129576,27210.96,0.0948905109489051,17
1077,20,1,Travel_Frequently,Sales,9,Universitaria,Marketing,Muy_Alta,Alta,1,Sales Representative,Alta,Single,2323,1,Yes,14,Alta,Media,0,2,3,2,0,2,27876,4488.036,0.6285714285714286,8
1079,21,1,Travel_Rarely,Research & Development,10,Secundaria,Life Sciences,Alta,Media,1,Laboratory Technician,Alta,Single,1416,1,No,13,Alta,Baja,0,1,6,1,1,0,16992,2735.712,0.9,4
1080,46,0,Travel_Rarely,Research & Development,8,Secundaria,Life Sciences,Muy_Alta,Media,2,Research Scientist,Media,Divorced,4615,8,Yes,23,Muy_Alta,Baja,3,19,2,16,1,7,55380,11297.519999999999,0.10135135135135136,11
1081,51,1,Travel_Rarely,Research & Development,4,Universitaria,Life Sciences,Baja,Alta,1,Research Scientist,Alta,Married,2461,9,Yes,12,Alta,Alta,3,18,2,10,2,7,29532,4754.652,0.6285714285714286,8
1082,28,1,Non-Travel,Research & Development,24,Secundaria,Technical Degree,Media,Media,3,Healthcare Representative,Media,Single,8722,1,No,12,Alta,Baja,0,10,2,10,1,9,104664,21979.44,0.0967741935483871,14
1083,26,0,Travel_Rarely,Research & Development,1,Secundaria,Medical,Baja,Media,1,Laboratory Technician,Media,Married,3955,1,No,16,Alta,Baja,2,6,2,5,1,3,47460,9349.62,0.03409090909090909,18
1084,30,0,Travel_Rarely,Research & Development,20,Universitaria,Other,Alta,Alta,2,Manufacturing Director,Alta,Married,9957,0,No,15,Alta,Alta,1,7,1,6,0,2,119484,25091.64,0.03409090909090909,18
1085,41,0,Travel_Rarely,Research & Development,7,Master,Technical Degree,Media,Muy_Alta,1,Research Scientist,Muy_Alta,Married,3376,1,No,13,Alta,Alta,0,10,3,10,0,8,40512,7980.8640000000005,0.0967741935483871,14
1088,38,0,Travel_Rarely,Research & Development,17,Secundaria,Life Sciences,Alta,Media,3,Healthcare Representative,Media,Married,8823,0,No,18,Alta,Baja,1,20,4,19,1,9,105876,22233.96,0.03409090909090909,18
1092,40,0,Travel_Rarely,Research & Development,20,Universitaria,Technical Degree,Baja,Alta,3,Healthcare Representative,Alta,Married,10322,4,No,20,Muy_Alta,Muy_Alta,1,14,6,11,11,1,123864,26011.44,0.03409090909090909,18
1094,27,0,Non-Travel,Research & Development,8,Primaria,Life Sciences,Baja,Baja,1,Laboratory Technician,Baja,Married,4621,1,No,19,Alta,Muy_Alta,3,3,4,3,1,2,55452,11312.207999999999,0.03409090909090909,18
1096,55,0,Travel_Frequently,Research & Development,2,Universitaria,Life Sciences,Muy_Alta,Alta,3,Manufacturing Director,Alta,Married,10976,3,No,18,Alta,Media,1,23,4,3,1,2,131712,27659.52,0.03409090909090909,18
1097,28,0,Travel_Rarely,Research & Development,10,Universitaria,Other,Alta,Alta,2,Research Scientist,Alta,Single,3660,3,No,13,Alta,Muy_Alta,0,10,4,8,1,7,43920,8652.24,0.0967741935483871,14
1098,44,1,Travel_Rarely,Human Resources,1,Secundaria,Medical,Media,Media,3,Human Resources,Media,Married,10482,9,No,14,Alta,Muy_Alta,1,24,1,20,3,6,125784,26414.64,0.0948905109489051,17
1099,33,0,Travel_Rarely,Research & Development,5,Universitaria,Life Sciences,Muy_Alta,Media,3,Healthcare Representative,Media,Divorced,7119,4,No,15,Alta,Alta,1,9,2,3,1,2,85428,17939.88,0.03409090909090909,18
1100,35,1,Travel_Rarely,Sales,4,Universitaria,Technical Degree,Muy_Alta,Alta,3,Sales Executive,Alta,Single,9582,0,Yes,22,Muy_Alta,Baja,0,9,2,8,4,7,114984,24146.64,0.32,10
1101,33,1,Travel_Frequently,Research & Development,29,Secundaria,Medical,Baja,Media,2,Research Scientist,Media,Single,4508,1,No,22,Muy_Alta,Media,0,14,4,13,3,8,54096,11035.583999999999,0.0967741935483871,14
1102,28,0,Travel_Rarely,Research & Development,15,Universitaria,Life Sciences,Baja,Alta,1,Laboratory Technician,Alta,Divorced,2207,1,No,16,Alta,Muy_Alta,1,4,5,4,2,2,26484,4263.924,0.03409090909090909,18
1103,34,0,Travel_Frequently,Research & Development,3,Universitaria,Life Sciences,Baja,Alta,2,Healthcare Representative,Alta,Single,7756,0,No,17,Alta,Alta,0,7,1,6,0,4,93072,19545.12,0.0967741935483871,14
1105,37,0,Travel_Rarely,Sales,10,Secundaria,Life Sciences,Muy_Alta,Media,2,Sales Executive,Media,Divorced,6694,2,Yes,14,Alta,Alta,3,8,5,1,0,0,80328,16868.88,0.10135135135135136,11
1106,25,1,Travel_Rarely,Research & Development,4,Universitaria,Technical Degree,Muy_Alta,Alta,1,Laboratory Technician,Alta,Married,3691,1,Yes,15,Alta,Media,1,7,3,7,5,6,44292,8725.524000000001,0.10135135135135136,11
1107,26,1,Travel_Rarely,Research & Development,21,Universitaria,Medical,Baja,Alta,1,Laboratory Technician,Alta,Divorced,2377,1,No,20,Muy_Alta,Alta,1,1,0,1,0,0,28524,4592.3640000000005,0.6,3
1108,33,1,Travel_Rarely,Research & Development,25,Secundaria,Medical,Baja,Media,1,Research Scientist,Media,Single,2313,4,Yes,20,Muy_Alta,Media,0,5,0,2,2,2,27756,4468.716,0.6285714285714286,8
1109,42,0,Travel_Rarely,Research & Development,2,Universitaria,Medical,Muy_Alta,Alta,4,Manager,Alta,Married,17665,0,No,17,Alta,Muy_Alta,1,23,3,22,13,7,211980,44515.799999999996,0.03409090909090909,18
1111,28,1,Travel_Frequently,Research & Development,1,Secundaria,Medical,Baja,Media,1,Laboratory Technician,Media,Divorced,2596,1,No,15,Alta,Baja,2,1,2,1,0,0,31152,6136.944,0.6,3
1113,50,1,Travel_Frequently,Sales,1,Universitaria,Other,Muy_Alta,Alta,2,Sales Executive,Alta,Single,4728,3,Yes,14,Alta,Muy_Alta,0,5,4,0,0,0,56736,11574.143999999998,0.32,10
1114,33,0,Travel_Frequently,Sales,7,Universitaria,Life Sciences,Muy_Alta,Alta,2,Sales Executive,Alta,Married,4302,0,No,17,Alta,Alta,1,4,3,3,0,2,51624,10531.295999999998,0.0948905109489051,17
1115,34,0,Non-Travel,Research & Development,3,Secundaria,Life Sciences,Alta,Media,1,Research Scientist,Media,Married,2979,3,No,17,Alta,Muy_Alta,3,6,2,0,0,0,35748,7042.356000000001,0.03409090909090909,18
1116,48,0,Non-Travel,Research & Development,1,Master,Medical,Baja,Muy_Alta,4,Manager,Alta,Single,16885,2,No,22,Muy_Alta,Alta,0,27,3,5,2,1,202620,42550.2,0.0967741935483871,14
1117,45,0,Non-Travel,Sales,9,Secundaria,Life Sciences,Media,Media,2,Sales Executive,Media,Married,5593,1,No,13,Alta,Muy_Alta,1,15,2,15,4,12,67116,13691.663999999999,0.0948905109489051,17
1118,52,0,Travel_Rarely,Research & Development,7,Universitaria,Life Sciences,Media,Alta,3,Healthcare Representative,Alta,Single,10445,7,No,19,Alta,Muy_Alta,0,18,4,8,4,0,125340,26321.399999999998,0.2647058823529412,15
1119,38,0,Travel_Rarely,Sales,10,Universitaria,Marketing,Alta,Media,3,Sales Executive,Media,Divorced,8740,0,Yes,14,Alta,Media,2,9,2,8,2,7,104880,22024.8,0.10135135135135136,11
1120,29,0,Travel_Rarely,Research & Development,28,Universitaria,Life Sciences,Alta,Alta,1,Research Scientist,Alta,Divorced,2514,4,No,22,Muy_Alta,Baja,1,11,1,7,1,7,30168,5943.0960000000005,0.03409090909090909,18
1121,28,0,Travel_Rarely,Research & Development,3,Universitaria,Medical,Muy_Alta,Alta,3,Manufacturing Director,Alta,Divorced,7655,0,No,17,Alta,Media,3,10,3,9,1,7,91860,19290.6,0.03409090909090909,18
1124,46,0,Travel_Rarely,Sales,3,Universitaria,Marketing,Baja,Alta,4,Manager,Alta,Married,17465,3,No,12,Alta,Muy_Alta,1,23,3,12,4,9,209580,44011.799999999996,0.0948905109489051,17
1125,38,0,Travel_Rarely,Sales,2,Universitaria,Marketing,Muy_Alta,Alta,3,Sales Executive,Alta,Single,7351,7,No,16,Alta,Alta,0,10,2,1,0,0,88212,18524.52,0.2647058823529412,15
1126,43,0,Travel_Frequently,Research & Development,27,Universitaria,Life Sciences,Alta,Alta,3,Manufacturing Director,Alta,Married,10820,8,No,11,Alta,Alta,1,18,1,8,0,1,129840,27266.399999999998,0.03409090909090909,18
1127,39,1,Travel_Frequently,Research & Development,2,Universitaria,Life Sciences,Baja,Alta,4,Healthcare Representative,Alta,Divorced,12169,7,No,11,Alta,Muy_Alta,3,21,4,18,11,5,146028,30665.879999999997,0.03409090909090909,18
1128,40,0,Travel_Rarely,Research & Development,14,Secundaria,Medical,Alta,Media,5,Research Director,Media,Single,19626,1,No,14,Alta,Baja,0,21,2,20,4,9,235512,49457.52,0.0967741935483871,14
1131,21,0,Travel_Rarely,Research & Development,1,Secundaria,Technical Degree,Muy_Alta,Media,1,Research Scientist,Media,Single,2070,1,Yes,11,Alta,Alta,0,2,6,2,2,2,24840,3999.2400000000002,0.6285714285714286,8
1132,39,0,Non-Travel,Research & Development,9,Universitaria,Life Sciences,Alta,Alta,2,Laboratory Technician,Alta,Single,6782,9,No,15,Alta,Alta,0,9,2,5,0,3,81384,17090.64,0.2647058823529412,15
1133,36,0,Non-Travel,Research & Development,18,Universitaria,Life Sciences,Baja,Alta,2,Manufacturing Director,Alta,Single,7779,2,No,20,Muy_Alta,Baja,0,18,0,11,0,9,93348,19603.079999999998,0.0967741935483871,14
1135,31,0,Travel_Frequently,Sales,20,Master,Life Sciences,Alta,Muy_Alta,1,Sales Representative,Alta,Married,2791,0,No,12,Alta,Baja,1,3,4,2,2,2,33492,6597.924,0.0948905109489051,17
1136,28,0,Travel_Rarely,Research & Development,2,Secundaria,Life Sciences,Baja,Media,1,Research Scientist,Media,Married,3201,0,No,17,Alta,Baja,0,6,2,5,0,4,38412,7567.164000000001,0.0967741935483871,14
1137,35,0,Travel_Frequently,Sales,11,Universitaria,Marketing,Muy_Alta,Alta,2,Sales Executive,Alta,Divorced,4968,1,No,11,Alta,Muy_Alta,1,5,3,5,0,2,59616,12161.663999999999,0.0948905109489051,17
1138,49,0,Travel_Rarely,Sales,8,Secundaria,Technical Degree,Muy_Alta,Media,4,Sales Executive,Media,Married,13120,6,No,17,Alta,Media,1,22,3,9,2,3,157440,33062.4,0.0948905109489051,17
1140,34,0,Travel_Frequently,Research & Development,2,Universitaria,Life Sciences,Muy_Alta,Alta,2,Manufacturing Director,Alta,Single,4033,2,No,11,Alta,Muy_Alta,0,5,3,3,0,2,48396,9534.012,0.0967741935483871,14
1143,29,0,Travel_Frequently,Research & Development,10,Universitaria,Life Sciences,Muy_Alta,Alta,1,Research Scientist,Alta,Divorced,3291,0,No,14,Alta,Muy_Alta,2,8,2,7,1,1,39492,7779.924,0.03409090909090909,18
1148,42,0,Travel_Rarely,Research & Development,29,Primaria,Medical,Media,Baja,2,Laboratory Technician,Baja,Single,4272,4,No,19,Alta,Baja,0,16,3,1,0,0,51264,10457.856,0.0967741935483871,14
1150,29,0,Travel_Rarely,Research & Development,8,Secundaria,Medical,Media,Media,2,Manufacturing Director,Media,Married,5056,1,Yes,15,Alta,Alta,1,10,2,10,1,2,60672,12377.088,0.10135135135135136,11
1152,38,0,Travel_Rarely,Human Resources,1,Universitaria,Human Resources,Alta,Muy_Alta,1,Human Resources,Muy_Alta,Married,2844,1,No,13,Alta,Muy_Alta,1,7,2,7,5,0,34128,6723.216,0.0948905109489051,17
1154,28,0,Travel_Frequently,Research & Development,6,Secundaria,Life Sciences,Alta,Media,1,Research Scientist,Alta,Divorced,2703,1,Yes,14,Alta,Muy_Alta,1,3,2,3,0,2,32436,6389.892,0.10135135135135136,11
1156,18,1,Non-Travel,Research & Development,8,Universitaria,Medical,Alta,Alta,1,Laboratory Technician,Alta,Single,1904,1,No,12,Alta,Muy_Alta,0,0,0,0,0,0,22848,3678.5280000000002,0.9,4
1157,33,1,Travel_Rarely,Sales,9,Universitaria,Marketing,Baja,Alta,2,Sales Executive,Alta,Single,8224,0,Yes,17,Alta,Baja,0,6,3,5,0,3,98688,20724.48,0.32,10
1158,41,0,Travel_Rarely,Research & Development,12,Universitaria,Life Sciences,Media,Alta,1,Laboratory Technician,Alta,Married,4766,3,Yes,11,Alta,Baja,1,6,4,1,0,0,57192,11667.168,0.10135135135135136,11
1160,31,1,Travel_Frequently,Research & Development,15,Universitaria,Medical,Alta,Alta,1,Laboratory Technician,Alta,Married,2610,1,No,12,Alta,Alta,1,2,5,2,2,2,31320,6170.04,0.03409090909090909,18
1161,37,0,Travel_Rarely,Research & Development,25,Secundaria,Medical,Alta,Media,2,Healthcare Representative,Media,Divorced,5731,7,No,13,Alta,Alta,2,9,2,6,1,3,68772,14029.488,0.03409090909090909,18
1162,27,0,Travel_Rarely,Research & Development,6,Universitaria,Life Sciences,Muy_Alta,Media,1,Research Scientist,Media,Married,2539,1,No,13,Alta,Alta,1,4,0,4,2,2,30468,6002.196,0.03409090909090909,18
1163,34,0,Travel_Rarely,Sales,9,Universitaria,Life Sciences,Media,Alta,2,Sales Executive,Alta,Married,5714,1,No,20,Muy_Alta,Baja,0,6,3,6,1,3,68568,13987.872,0.0967741935483871,14
1164,35,0,Travel_Rarely,Human Resources,8,Universitaria,Technical Degree,Alta,Alta,1,Human Resources,Alta,Single,4323,1,No,17,Alta,Media,0,6,2,5,1,4,51876,10582.704,0.0967741935483871,14
1165,29,1,Travel_Rarely,Sales,23,Secundaria,Life Sciences,Muy_Alta,Media,3,Sales Executive,Media,Married,7336,1,No,13,Alta,Baja,1,11,3,11,3,10,88032,18486.719999999998,0.0948905109489051,17
1166,40,0,Travel_Frequently,Research & Development,9,Universitaria,Medical,Media,Alta,3,Research Director,Alta,Single,13499,9,No,17,Alta,Alta,0,20,3,18,2,13,161988,34017.479999999996,0.2647058823529412,15
1167,42,1,Travel_Frequently,Sales,12,Universitaria,Life Sciences,Alta,Alta,4,Sales Executive,Alta,Single,13758,0,Yes,12,Alta,Media,0,22,2,21,13,14,165096,34670.159999999996,0.32,10
1171,42,0,Travel_Rarely,Sales,4,Universitaria,Marketing,Media,Alta,2,Sales Executive,Alta,Single,5155,7,No,13,Alta,Muy_Alta,0,9,3,6,1,5,61860,12619.439999999999,0.2647058823529412,15
1172,35,0,Travel_Rarely,Research & Development,1,Secundaria,Medical,Muy_Alta,Media,1,Laboratory Technician,Media,Married,2258,6,No,12,Alta,Media,1,10,2,8,1,7,27096,4362.456,0.03409090909090909,18
1173,24,0,Travel_Rarely,Research & Development,24,Universitaria,Medical,Muy_Alta,Alta,1,Laboratory Technician,Alta,Single,3597,8,No,22,Muy_Alta,Muy_Alta,0,6,2,4,1,2,43164,8503.308,0.2647058823529412,15
1175,28,1,Travel_Rarely,Research & Development,12,Universitaria,Life Sciences,Alta,Alta,1,Laboratory Technician,Alta,Married,2515,1,Yes,11,Alta,Muy_Alta,0,1,4,1,0,0,30180,5945.46,0.6,3
1177,26,0,Travel_Rarely,Research & Development,3,Master,Medical,Baja,Muy_Alta,1,Laboratory Technician,Muy_Alta,Married,4420,1,No,22,Muy_Alta,Media,1,8,2,8,0,7,53040,10820.16,0.03409090909090909,18
1179,30,0,Travel_Rarely,Sales,10,Secundaria,Marketing,Alta,Media,2,Sales Executive,Media,Married,6578,1,No,18,Alta,Baja,1,10,3,10,1,4,78936,16576.559999999998,0.0948905109489051,17
1180,40,0,Travel_Frequently,Research & Development,26,Secundaria,Medical,Alta,Media,2,Research Scientist,Media,Married,4422,3,Yes,13,Alta,Muy_Alta,1,16,3,1,0,0,53064,10825.055999999999,0.10135135135135136,11
1182,35,0,Travel_Rarely,Research & Development,2,Secundaria,Life Sciences,Alta,Media,3,Manufacturing Director,Media,Divorced,10274,2,No,18,Alta,Media,1,15,2,7,6,4,123288,25890.48,0.03409090909090909,18
1184,34,0,Travel_Frequently,Research & Development,1,Secundaria,Medical,Muy_Alta,Media,2,Healthcare Representative,Media,Single,5343,0,No,20,Muy_Alta,Alta,0,14,3,13,4,9,64116,13079.663999999999,0.0967741935483871,14
1185,35,0,Travel_Frequently,Research & Development,4,Secundaria,Other,Muy_Alta,Media,1,Laboratory Technician,Media,Married,2376,1,No,13,Alta,Media,1,2,2,2,2,2,28512,4590.432,0.03409090909090909,18
1188,43,1,Travel_Rarely,Sales,9,Primaria,Marketing,Baja,Baja,2,Sales Executive,Baja,Single,5346,8,No,13,Alta,Media,0,7,2,4,1,3,64152,13087.008,0.2647058823529412,15
1190,32,0,Non-Travel,Sales,2,Universitaria,Life Sciences,Alta,Alta,1,Sales Representative,Alta,Divorced,2827,1,No,12,Alta,Alta,3,1,3,1,0,0,33924,6683.028,0.6,3
1191,56,0,Travel_Rarely,Research & Development,4,Universitaria,Technical Degree,Muy_Alta,Alta,5,Manager,Alta,Divorced,19943,4,No,13,Alta,Muy_Alta,1,28,2,5,4,2,239316,50256.36,0.03409090909090909,18
1192,29,0,Travel_Rarely,Research & Development,6,Universitaria,Medical,Media,Alta,1,Laboratory Technician,Alta,Married,3131,1,No,13,Alta,Baja,1,10,5,10,0,8,37572,7401.684,0.03409090909090909,18
1193,19,0,Travel_Rarely,Research & Development,9,Universitaria,Life Sciences,Alta,Alta,1,Research Scientist,Alta,Single,2552,1,No,25,Muy_Alta,Alta,0,1,4,1,0,0,30624,6032.928,0.3,5
1195,45,0,Travel_Rarely,Research & Development,7,Universitaria,Medical,Baja,Alta,1,Research Scientist,Alta,Married,4477,4,Yes,19,Alta,Alta,1,7,2,3,0,2,53724,10959.696,0.10135135135135136,11
1196,37,0,Travel_Rarely,Research & Development,1,Secundaria,Life Sciences,Muy_Alta,Media,2,Manufacturing Director,Media,Married,6474,1,No,13,Alta,Media,1,14,2,14,3,11,77688,16314.48,0.03409090909090909,18
1198,20,0,Travel_Rarely,Research & Development,3,Secundaria,Life Sciences,Baja,Media,1,Laboratory Technician,Media,Single,3033,1,No,12,Alta,Baja,0,2,2,2,1,2,36396,7170.012000000001,0.0967741935483871,14
1200,44,1,Travel_Rarely,Research & Development,10,Universitaria,Life Sciences,Alta,Alta,1,Research Scientist,Alta,Single,2936,1,Yes,11,Alta,Alta,0,6,4,6,0,2,35232,6940.704000000001,0.32,10
1201,53,0,Travel_Rarely,Research & Development,7,Universitaria,Medical,Muy_Alta,Alta,5,Manager,Alta,Divorced,18606,3,No,18,Alta,Media,1,26,6,7,4,7,223272,46887.119999999995,0.03409090909090909,18
1202,29,0,Travel_Rarely,Research & Development,15,Universitaria,Life Sciences,Media,Baja,1,Research Scientist,Baja,Married,2168,0,Yes,18,Alta,Baja,1,6,2,5,1,3,26016,4188.576,0.6285714285714286,8
1203,22,1,Travel_Frequently,Research & Development,3,Secundaria,Life Sciences,Alta,Media,1,Research Scientist,Media,Married,2853,0,Yes,11,Alta,Media,1,1,5,0,0,0,34236,6744.492,0.3,5
1204,46,0,Travel_Rarely,Sales,2,Universitaria,Marketing,Alta,Alta,4,Manager,Alta,Married,17048,8,No,23,Muy_Alta,Baja,0,28,2,26,15,9,204576,42960.96,0.2647058823529412,15
1206,44,0,Non-Travel,Research & Development,17,Primaria,Life Sciences,Muy_Alta,Baja,1,Research Scientist,Baja,Single,2290,2,No,13,Alta,Muy_Alta,0,6,3,0,0,0,27480,4424.28,0.0967741935483871,14
1207,33,0,Travel_Rarely,Human Resources,2,Universitaria,Human Resources,Media,Alta,1,Human Resources,Alta,Married,3600,1,No,13,Alta,Muy_Alta,1,5,2,5,1,4,43200,8510.4,0.0948905109489051,17
1210,41,1,Non-Travel,Research & Development,5,Secundaria,Life Sciences,Baja,Media,1,Research Scientist,Media,Divorced,2107,6,No,17,Alta,Baja,1,5,2,1,0,0,25284,4070.724,0.03409090909090909,18
1211,30,0,Travel_Rarely,Sales,29,Universitaria,Life Sciences,Alta,Alta,2,Sales Executive,Alta,Divorced,4115,8,No,19,Alta,Alta,3,8,3,4,0,3,49380,9727.86,0.0948905109489051,17
1212,40,0,Travel_Frequently,Sales,2,Universitaria,Medical,Media,Alta,2,Sales Executive,Alta,Married,4327,5,No,12,Alta,Muy_Alta,3,5,2,0,0,0,51924,10592.496,0.0948905109489051,17
1215,50,0,Travel_Frequently,Research & Development,2,Universitaria,Medical,Muy_Alta,Alta,4,Manager,Alta,Married,17856,2,No,22,Muy_Alta,Alta,1,32,3,2,2,2,214272,44997.119999999995,0.03409090909090909,18
1216,28,0,Travel_Rarely,Research & Development,19,Secundaria,Medical,Muy_Alta,Media,1,Laboratory Technician,Media,Married,3196,1,No,12,Alta,Alta,3,6,2,6,3,3,38352,7555.344,0.03409090909090909,18
1217,46,0,Travel_Rarely,Research & Development,15,Universitaria,Life Sciences,Muy_Alta,Alta,5,Research Director,Alta,Married,19081,5,No,11,Alta,Baja,1,25,2,4,0,3,228972,48084.119999999995,0.03409090909090909,18
1218,35,0,Travel_Rarely,Sales,17,Universitaria,Life Sciences,Alta,Alta,2,Sales Executive,Alta,Married,8966,3,Yes,15,Alta,Muy_Alta,3,15,2,7,1,7,107592,22594.32,0.10135135135135136,11
1219,24,1,Travel_Rarely,Research & Development,17,Universitaria,Life Sciences,Muy_Alta,Alta,1,Laboratory Technician,Alta,Married,2210,1,No,13,Alta,Baja,1,1,3,1,0,0,26520,4269.72,0.6,3
1220,33,0,Travel_Frequently,Sales,25,Universitaria,Medical,Media,Alta,2,Sales Executive,Alta,Married,4539,1,No,12,Alta,Baja,1,10,3,10,0,1,54468,11111.472,0.0948905109489051,17
1221,36,0,Travel_Rarely,Research & Development,6,Primaria,Life Sciences,Alta,Baja,1,Laboratory Technician,Baja,Divorced,2741,1,No,14,Alta,Alta,1,7,4,7,1,7,32892,6479.724,0.03409090909090909,18
1224,30,0,Travel_Rarely,Research & Development,7,Universitaria,Life Sciences,Alta,Alta,2,Laboratory Technician,Alta,Divorced,3491,1,No,13,Alta,Baja,3,10,4,10,8,9,41892,8252.724,0.03409090909090909,18
1225,44,0,Travel_Rarely,Research & Development,29,Universitaria,Other,Muy_Alta,Alta,2,Research Scientist,Alta,Single,4541,1,No,25,Muy_Alta,Media,0,20,3,20,13,17,54492,11116.367999999999,0.0967741935483871,14
1226,20,0,Travel_Rarely,Sales,21,Master,Marketing,Alta,Muy_Alta,1,Sales Representative,Muy_Alta,Single,2678,1,No,17,Alta,Muy_Alta,0,2,2,2,2,2,32136,6330.792,0.0967741935483871,14
1228,46,0,Travel_Rarely,Research & Development,2,Universitaria,Technical Degree,Muy_Alta,Alta,2,Manufacturing Director,Alta,Divorced,7379,2,No,11,Alta,Alta,1,12,3,6,1,4,88548,18595.079999999998,0.03409090909090909,18
1231,42,0,Non-Travel,Human Resources,2,Master,Medical,Muy_Alta,Muy_Alta,2,Human Resources,Muy_Alta,Married,6272,7,No,16,Alta,Baja,1,10,3,4,0,3,75264,15805.439999999999,0.0948905109489051,17
1233,60,0,Travel_Rarely,Sales,7,Master,Marketing,Media,Muy_Alta,2,Sales Executive,Muy_Alta,Divorced,5220,0,Yes,18,Alta,Media,1,12,3,11,1,9,62640,12778.56,0.10135135135135136,11
1234,32,0,Travel_Frequently,Research & Development,13,Secundaria,Other,Alta,Media,1,Laboratory Technician,Media,Married,2743,1,No,20,Muy_Alta,Alta,1,2,2,2,2,2,32916,6484.452,0.03409090909090909,18
1235,32,0,Travel_Frequently,Research & Development,2,Universitaria,Life Sciences,Muy_Alta,Alta,2,Research Scientist,Alta,Single,4998,4,Yes,14,Alta,Muy_Alta,0,10,2,8,0,7,59976,12235.104,0.32,10
1237,36,0,Travel_Rarely,Research & Development,1,Primaria,Technical Degree,Alta,Baja,3,Manufacturing Director,Baja,Divorced,10252,2,Yes,21,Muy_Alta,Alta,1,17,2,7,7,7,123024,25835.039999999997,0.10135135135135136,11
1238,33,0,Travel_Rarely,Research & Development,9,Universitaria,Medical,Baja,Alta,1,Research Scientist,Alta,Married,2781,0,No,13,Alta,Media,1,15,5,14,4,10,33372,6574.284000000001,0.03409090909090909,18
1239,40,0,Travel_Rarely,Sales,10,Secundaria,Technical Degree,Media,Media,2,Sales Executive,Media,Divorced,6852,7,No,12,Alta,Media,1,7,2,5,1,3,82224,17267.04,0.0948905109489051,17
1240,25,0,Travel_Rarely,Sales,10,Universitaria,Life Sciences,Alta,Alta,2,Sales Executive,Alta,Single,4950,0,No,14,Alta,Media,0,5,4,4,1,1,59400,12117.599999999999,0.0967741935483871,14
1241,30,0,Travel_Rarely,Research & Development,1,Universitaria,Medical,Muy_Alta,Alta,1,Research Scientist,Alta,Married,3579,0,Yes,21,Muy_Alta,Baja,1,12,2,11,5,7,42948,8460.756000000001,0.10135135135135136,11
1242,42,0,Travel_Frequently,Research & Development,26,Universitaria,Medical,Baja,Alta,3,Research Director,Alta,Married,13191,3,Yes,17,Alta,Alta,0,20,6,1,0,0,158292,33241.32,0.32,10
1243,35,0,Non-Travel,Sales,8,Secundaria,Marketing,Alta,Media,3,Sales Executive,Media,Married,10377,4,Yes,11,Alta,Media,1,16,6,13,4,12,124524,26150.039999999997,0.10135135135135136,11
1244,27,0,Travel_Rarely,Research & Development,14,Universitaria,Life Sciences,Baja,Alta,1,Research Scientist,Alta,Married,2235,1,Yes,14,Alta,Muy_Alta,2,9,3,9,6,8,26820,4318.02,0.6285714285714286,8
1245,54,0,Travel_Frequently,Research & Development,1,Universitaria,Life Sciences,Muy_Alta,Alta,3,Manufacturing Director,Alta,Divorced,10502,7,No,17,Alta,Baja,1,33,2,5,1,4,126024,26465.039999999997,0.03409090909090909,18
1246,44,0,Travel_Rarely,Research & Development,2,Master,Life Sciences,Baja,Muy_Alta,1,Research Scientist,Muy_Alta,Married,2011,1,No,13,Alta,Muy_Alta,1,10,5,10,7,7,24132,3885.252,0.03409090909090909,18
1248,19,1,Non-Travel,Research & Development,10,Secundaria,Medical,Baja,Media,1,Research Scientist,Media,Single,1859,1,Yes,25,Muy_Alta,Media,0,1,2,1,0,0,22308,3591.588,0.3,5
1249,29,0,Travel_Rarely,Research & Development,1,Universitaria,Life Sciences,Baja,Alta,1,Research Scientist,Alta,Divorced,3760,1,No,15,Alta,Baja,3,3,5,3,1,2,45120,8888.640000000001,0.03409090909090909,18
1250,54,0,Travel_Rarely,Research & Development,3,Universitaria,Life Sciences,Muy_Alta,Alta,4,Research Director,Alta,Married,17779,3,No,14,Alta,Baja,0,36,2,10,0,9,213348,44803.08,0.0967741935483871,14
1251,31,0,Travel_Rarely,Research & Development,11,Universitaria,Medical,Alta,Alta,2,Healthcare Representative,Alta,Married,6833,1,Yes,12,Alta,Muy_Alta,0,6,2,6,0,1,81996,17219.16,0.32,10
1252,31,0,Travel_Rarely,Research & Development,24,Secundaria,Medical,Alta,Media,2,Healthcare Representative,Media,Single,6812,1,No,19,Alta,Media,0,10,2,10,1,8,81744,17166.239999999998,0.0967741935483871,14
1254,59,0,Travel_Rarely,Sales,3,Secundaria,Life Sciences,Alta,Media,2,Sales Executive,Media,Single,5171,5,No,17,Alta,Muy_Alta,0,13,2,6,0,5,62052,12658.607999999998,0.2647058823529412,15
1255,43,0,Travel_Rarely,Research & Development,3,Primaria,Life Sciences,Alta,Baja,5,Research Director,Baja,Married,19740,3,No,14,Alta,Media,1,25,2,8,0,7,236880,49744.799999999996,0.03409090909090909,18
1256,49,0,Travel_Rarely,Research & Development,4,Secundaria,Medical,Baja,Media,5,Manager,Media,Married,18711,2,No,13,Alta,Alta,1,23,2,1,0,0,224532,47151.72,0.03409090909090909,18
1257,36,0,Travel_Frequently,Research & Development,3,Universitaria,Technical Degree,Alta,Alta,1,Research Scientist,Alta,Married,3692,1,No,12,Alta,Alta,0,12,2,11,0,7,44304,8727.888,0.0967741935483871,14
1258,48,0,Travel_Rarely,Research & Development,2,Master,Technical Degree,Muy_Alta,Muy_Alta,1,Laboratory Technician,Muy_Alta,Single,2559,5,No,11,Alta,Alta,0,7,4,1,0,0,30708,6049.476000000001,0.2647058823529412,15
1259,27,0,Travel_Rarely,Research & Development,4,Universitaria,Life Sciences,Baja,Alta,1,Research Scientist,Alta,Divorced,2517,1,No,11,Alta,Media,3,5,2,5,0,3,30204,5950.188,0.03409090909090909,18
1260,29,0,Travel_Rarely,Research & Development,7,Universitaria,Life Sciences,Alta,Alta,2,Healthcare Representative,Alta,Divorced,6623,1,Yes,11,Alta,Media,2,6,2,6,1,0,79476,16689.96,0.10135135135135136,11
1263,48,0,Travel_Rarely,Research & Development,1,Secundaria,Life Sciences,Muy_Alta,Media,5,Research Director,Media,Single,18265,6,No,12,Alta,Alta,0,25,3,1,0,0,219180,46027.799999999996,0.2647058823529412,15
1264,29,0,Travel_Rarely,Research & Development,1,Universitaria,Life Sciences,Muy_Alta,Media,4,Research Director,Media,Divorced,16124,3,No,14,Alta,Media,2,9,2,7,1,7,193488,40632.479999999996,0.03409090909090909,18
1265,34,0,Travel_Rarely,Research & Development,20,Master,Technical Degree,Alta,Muy_Alta,1,Research Scientist,Muy_Alta,Married,2585,0,No,17,Alta,Muy_Alta,0,2,5,1,0,0,31020,6110.9400000000005,0.0967741935483871,14
1267,44,0,Travel_Rarely,Sales,5,Universitaria,Marketing,Media,Alta,5,Manager,Alta,Married,18213,7,No,11,Alta,Alta,1,26,5,22,3,10,218556,45896.759999999995,0.0948905109489051,17
1268,33,0,Travel_Rarely,Sales,10,Master,Marketing,Muy_Alta,Muy_Alta,3,Sales Executive,Muy_Alta,Divorced,8380,0,Yes,14,Alta,Muy_Alta,2,10,3,9,0,8,100560,21117.6,0.10135135135135136,11
1269,19,0,Travel_Rarely,Research & Development,25,Universitaria,Life Sciences,Media,Muy_Alta,1,Research Scientist,Muy_Alta,Single,2994,1,Yes,12,Alta,Muy_Alta,0,1,2,1,0,1,35928,7077.816000000001,0.3,5
1270,23,0,Travel_Rarely,Research & Development,1,Universitaria,Life Sciences,Muy_Alta,Alta,1,Research Scientist,Alta,Married,1223,1,No,22,Muy_Alta,Muy_Alta,1,1,2,1,0,1,14676,2362.8360000000002,0.3,5
1273,25,1,Travel_Frequently,Sales,24,Primaria,Life Sciences,Alta,Baja,1,Sales Representative,Baja,Single,1118,1,Yes,14,Alta,Muy_Alta,0,1,4,1,1,0,13416,2159.976,0.9,4
1275,26,0,Travel_Rarely,Research & Development,4,Universitaria,Life Sciences,Alta,Alta,1,Research Scientist,Alta,Single,2875,1,Yes,20,Muy_Alta,Media,0,8,2,8,2,2,34500,6796.5,0.32,10
1277,45,1,Travel_Rarely,Sales,2,Primaria,Marketing,Baja,Baja,5,Manager,Baja,Single,18824,2,Yes,16,Alta,Baja,0,26,2,24,1,11,225888,47436.479999999996,0.32,10
1278,55,0,Non-Travel,Research & Development,8,Secundaria,Medical,Muy_Alta,Media,4,Healthcare Representative,Media,Divorced,13577,1,Yes,15,Alta,Muy_Alta,1,34,3,33,15,0,162924,34214.04,0.10135135135135136,11
1279,21,1,Travel_Frequently,Research & Development,10,Secundaria,Life Sciences,Baja,Media,1,Laboratory Technician,Alta,Single,2625,1,No,20,Muy_Alta,Alta,0,2,2,2,2,2,31500,6205.5,0.0967741935483871,14
1280,46,0,Travel_Rarely,Sales,4,Secundaria,Marketing,Muy_Alta,Media,5,Manager,Media,Married,18789,2,No,14,Alta,Alta,1,26,2,11,0,8,225468,47348.28,0.0948905109489051,17
1281,34,0,Travel_Rarely,Sales,2,Universitaria,Marketing,Alta,Alta,2,Sales Executive,Alta,Single,4538,0,Yes,12,Alta,Muy_Alta,0,4,3,3,0,2,54456,11109.024,0.32,10
1282,51,0,Travel_Frequently,Sales,9,Universitaria,Life Sciences,Muy_Alta,Alta,5,Manager,Alta,Divorced,19847,4,Yes,24,Muy_Alta,Baja,1,31,5,29,11,10,238164,50014.439999999995,0.10135135135135136,11
1283,59,0,Travel_Rarely,Research & Development,18,Universitaria,Medical,Muy_Alta,Alta,3,Manufacturing Director,Alta,Single,10512,6,No,12,Alta,Muy_Alta,0,25,6,9,5,4,126144,26490.239999999998,0.2647058823529412,15
1285,34,0,Travel_Frequently,Research & Development,19,Universitaria,Medical,Alta,Alta,2,Laboratory Technician,Alta,Divorced,4444,4,No,13,Alta,Alta,2,15,2,11,5,10,53328,10878.911999999998,0.03409090909090909,18
1286,28,0,Travel_Frequently,Research & Development,1,Universitaria,Medical,Muy_Alta,Alta,1,Laboratory Technician,Alta,Single,2154,0,Yes,11,Alta,Alta,0,5,2,4,0,2,25848,4161.528,0.6285714285714286,8
1288,44,0,Travel_Rarely,Research & Development,4,Master,Life Sciences,Alta,Muy_Alta,5,Manager,Muy_Alta,Divorced,19190,1,No,14,Alta,Muy_Alta,2,26,4,25,14,13,230280,48358.799999999996,0.03409090909090909,18
1289,34,0,Travel_Frequently,Human Resources,11,Secundaria,Life Sciences,Alta,Media,2,Human Resources,Media,Married,4490,4,No,11,Alta,Muy_Alta,2,14,5,10,1,8,53880,10991.519999999999,0.0948905109489051,17
1291,35,0,Travel_Rarely,Research & Development,6,Universitaria,Life Sciences,Alta,Alta,1,Research Scientist,Alta,Married,3506,0,Yes,14,Alta,Muy_Alta,0,4,3,3,2,2,42072,8288.184000000001,0.32,10
1292,42,0,Travel_Rarely,Research & Development,7,Universitaria,Medical,Media,Muy_Alta,2,Research Scientist,Muy_Alta,Married,2372,6,Yes,16,Alta,Muy_Alta,0,18,2,1,0,0,28464,4582.704,0.6285714285714286,8
1293,43,0,Travel_Rarely,Sales,4,Secundaria,Marketing,Muy_Alta,Media,3,Sales Executive,Media,Single,10231,3,No,14,Alta,Muy_Alta,0,23,3,21,15,17,122772,25782.12,0.0967741935483871,14
1294,36,0,Travel_Rarely,Research & Development,2,Universitaria,Life Sciences,Alta,Alta,2,Manufacturing Director,Alta,Single,5410,9,Yes,11,Alta,Muy_Alta,0,18,2,16,5,12,64920,13243.679999999998,0.32,10
1295,44,1,Travel_Rarely,Research & Development,15,Universitaria,Medical,Baja,Alta,3,Healthcare Representative,Alta,Married,7978,1,No,11,Alta,Muy_Alta,1,10,2,10,0,5,95736,20104.559999999998,0.03409090909090909,18
1296,28,0,Travel_Frequently,Research & Development,2,Secundaria,Life Sciences,Muy_Alta,Media,1,Laboratory Technician,Media,Married,3867,1,Yes,12,Alta,Media,1,2,2,2,2,2,46404,9141.588,0.10135135135135136,11
1297,51,0,Travel_Frequently,Research & Development,6,Secundaria,Medical,Media,Media,1,Laboratory Technician,Media,Single,2838,0,No,14,Alta,Media,0,8,6,7,7,7,34056,6709.032,0.0967741935483871,14
1298,30,0,Non-Travel,Research & Development,9,Universitaria,Medical,Alta,Alta,2,Manufacturing Director,Alta,Single,4695,7,Yes,18,Alta,Alta,0,10,3,8,1,7,56340,11493.359999999999,0.32,10
1299,29,1,Travel_Rarely,Research & Development,7,Universitaria,Technical Degree,Media,Alta,1,Laboratory Technician,Alta,Divorced,3339,3,Yes,13,Alta,Baja,2,10,2,7,7,7,40068,7893.396000000001,0.10135135135135136,11
1301,28,0,Travel_Rarely,Research & Development,1,Universitaria,Technical Degree,Muy_Alta,Alta,1,Research Scientist,Alta,Single,2080,2,No,11,Alta,Media,0,5,2,3,1,2,24960,4018.56,0.0967741935483871,14
1303,25,0,Travel_Rarely,Research & Development,1,Universitaria,Medical,Muy_Alta,Alta,1,Research Scientist,Alta,Single,2096,1,No,18,Alta,Muy_Alta,0,2,3,2,2,1,25152,4049.472,0.0967741935483871,14
1304,32,0,Travel_Rarely,Sales,8,Universitaria,Medical,Alta,Muy_Alta,2,Sales Executive,Muy_Alta,Married,6209,1,No,15,Alta,Alta,2,10,4,10,0,8,74508,15199.632,0.0948905109489051,17
1306,45,0,Travel_Frequently,Research & Development,25,Universitaria,Medical,Media,Alta,5,Manager,Alta,Single,18061,3,No,22,Muy_Alta,Alta,0,22,4,0,0,0,216732,45513.72,0.0967741935483871,14
1307,39,0,Travel_Rarely,Research & Development,13,Secundaria,Medical,Alta,Media,4,Manager,Media,Divorced,17123,6,Yes,13,Alta,Muy_Alta,2,21,4,19,15,2,205476,43149.96,0.10135135135135136,11
1308,58,0,Travel_Rarely,Research & Development,23,Universitaria,Life Sciences,Baja,Alta,1,Research Scientist,Alta,Divorced,2372,1,No,12,Alta,Muy_Alta,2,2,3,2,2,2,28464,4582.704,0.03409090909090909,18
1309,32,1,Travel_Rarely,Research & Development,7,Universitaria,Life Sciences,Muy_Alta,Alta,2,Laboratory Technician,Alta,Married,4883,1,No,18,Alta,Baja,1,10,3,10,1,1,58596,11953.583999999999,0.03409090909090909,18
1310,39,1,Travel_Rarely,Research & Development,23,Universitaria,Medical,Alta,Alta,1,Research Scientist,Alta,Single,3904,0,No,13,Alta,Baja,0,6,2,5,0,3,46848,9229.056,0.0967741935483871,14
1311,30,0,Travel_Rarely,Research & Development,6,Secundaria,Technical Degree,Baja,Media,2,Laboratory Technician,Media,Married,4627,0,No,12,Alta,Baja,1,10,6,9,6,7,55524,11326.895999999999,0.03409090909090909,18
1312,36,0,Travel_Rarely,Research & Development,10,Universitaria,Technical Degree,Muy_Alta,Alta,3,Healthcare Representative,Alta,Married,7094,3,No,12,Alta,Baja,0,10,0,7,1,7,85128,17876.88,0.0967741935483871,14
1314,46,0,Travel_Rarely,Human Resources,1,Universitaria,Life Sciences,Muy_Alta,Alta,1,Human Resources,Alta,Single,3423,6,No,12,Alta,Alta,0,10,3,7,5,7,41076,8091.972000000001,0.2647058823529412,15
1315,28,0,Non-Travel,Research & Development,1,Primaria,Life Sciences,Alta,Baja,2,Laboratory Technician,Baja,Married,6674,0,No,11,Alta,Baja,3,10,6,9,7,5,80088,16818.48,0.03409090909090909,18
1317,50,0,Travel_Rarely,Research & Development,28,Universitaria,Life Sciences,Muy_Alta,Alta,4,Research Director,Alta,Married,16880,4,Yes,11,Alta,Media,0,25,2,3,1,2,202560,42537.6,0.32,10
1318,40,1,Travel_Rarely,Sales,25,Secundaria,Marketing,Muy_Alta,Media,3,Sales Executive,Media,Single,9094,2,Yes,12,Alta,Alta,0,9,2,5,1,0,109128,22916.879999999997,0.32,10
1319,52,1,Travel_Rarely,Sales,5,Universitaria,Life Sciences,Media,Alta,3,Sales Executive,Alta,Single,8446,9,Yes,19,Alta,Alta,0,10,2,8,7,7,101352,21283.92,0.32,10
1321,30,0,Travel_Rarely,Research & Development,17,Universitaria,Medical,Media,Alta,3,Manager,Alta,Married,11916,1,Yes,23,Muy_Alta,Muy_Alta,2,9,2,9,0,8,142992,30028.32,0.10135135135135136,11
1322,39,0,Travel_Rarely,Research & Development,18,Universitaria,Life Sciences,Baja,Alta,2,Manufacturing Director,Alta,Single,4534,0,No,11,Alta,Baja,0,9,6,8,1,7,54408,11099.232,0.0967741935483871,14
1324,31,0,Non-Travel,Sales,2,Universitaria,Life Sciences,Muy_Alta,Alta,3,Sales Executive,Alta,Divorced,9852,1,Yes,19,Alta,Baja,1,10,5,10,9,6,118224,24827.04,0.10135135135135136,11
1329,41,0,Non-Travel,Sales,10,Primaria,Medical,Alta,Baja,2,Sales Executive,Baja,Single,6151,1,No,13,Alta,Baja,0,19,4,19,11,9,73812,15057.648,0.0967741935483871,14
1331,31,1,Travel_Frequently,Sales,1,Universitaria,Life Sciences,Muy_Alta,Alta,1,Sales Representative,Alta,Single,2302,1,Yes,11,Alta,Baja,0,3,2,3,2,2,27624,4447.464,0.6285714285714286,8
1333,44,1,Travel_Rarely,Research & Development,3,Universitaria,Life Sciences,Baja,Alta,1,Laboratory Technician,Alta,Married,2362,4,No,12,Alta,Alta,0,10,4,3,1,2,28344,4563.384,0.0967741935483871,14
1334,42,0,Non-Travel,Research & Development,2,Universitaria,Life Sciences,Alta,Alta,4,Manager,Alta,Married,17861,0,Yes,13,Alta,Muy_Alta,0,21,3,20,2,10,214332,45009.72,0.32,10
1336,55,0,Travel_Rarely,Research & Development,2,Primaria,Medical,Muy_Alta,Baja,5,Manager,Baja,Married,19187,4,No,14,Alta,Muy_Alta,1,23,5,19,9,11,230244,48351.24,0.03409090909090909,18
1338,56,0,Travel_Rarely,Human Resources,8,Universitaria,Life Sciences,Muy_Alta,Alta,5,Manager,Alta,Single,19717,6,No,14,Alta,Baja,0,36,4,7,7,7,236604,49686.84,0.2647058823529412,15
1340,40,0,Non-Travel,Research & Development,16,Universitaria,Life Sciences,Alta,Alta,1,Research Scientist,Alta,Divorced,3544,9,No,16,Alta,Media,1,6,0,4,0,0,42528,8378.016,0.03409090909090909,18
1344,34,0,Travel_Rarely,Research & Development,9,Universitaria,Life Sciences,Muy_Alta,Alta,3,Healthcare Representative,Alta,Divorced,8500,0,No,11,Alta,Muy_Alta,1,10,0,9,1,6,102000,21420.0,0.03409090909090909,18
1346,40,0,Travel_Rarely,Research & Development,2,Universitaria,Life Sciences,Alta,Alta,2,Research Scientist,Alta,Single,4661,1,No,13,Alta,Alta,0,9,4,9,8,8,55932,11410.127999999999,0.0967741935483871,14
1349,41,0,Travel_Frequently,Sales,1,Universitaria,Marketing,Alta,Alta,2,Sales Executive,Alta,Divorced,4103,0,No,17,Alta,Muy_Alta,1,10,2,9,1,7,49236,9699.492,0.0948905109489051,17
1350,35,0,Travel_Frequently,Research & Development,4,Universitaria,Life Sciences,Alta,Alta,2,Research Scientist,Alta,Single,4249,1,Yes,11,Alta,Media,0,9,3,9,1,1,50988,10401.552,0.32,10
1352,51,0,Travel_Rarely,Human Resources,5,Universitaria,Life Sciences,Alta,Alta,4,Manager,Alta,Divorced,14026,1,Yes,11,Alta,Media,1,33,2,33,0,10,168312,35345.52,0.10135135135135136,11
1355,38,0,Travel_Rarely,Sales,2,Universitaria,Life Sciences,Media,Alta,2,Sales Executive,Alta,Divorced,6893,3,No,15,Alta,Muy_Alta,1,11,3,7,1,7,82716,17370.36,0.0948905109489051,17
1356,34,0,Travel_Rarely,Sales,15,Universitaria,Medical,Alta,Alta,2,Sales Executive,Alta,Single,6125,1,No,12,Alta,Muy_Alta,0,10,6,10,9,6,73500,14993.999999999998,0.0967741935483871,14
1358,25,0,Travel_Rarely,Research & Development,19,Universitaria,Medical,Muy_Alta,Alta,1,Laboratory Technician,Alta,Married,3669,3,No,11,Alta,Alta,3,7,6,3,1,2,44028,8673.516,0.03409090909090909,18
1360,58,1,Travel_Rarely,Research & Development,7,Secundaria,Medical,Alta,Media,3,Manufacturing Director,Media,Married,10008,7,Yes,14,Alta,Muy_Alta,0,31,0,10,5,9,120096,25220.16,0.32,10
1361,40,0,Travel_Rarely,Research & Development,1,Universitaria,Life Sciences,Media,Alta,1,Laboratory Technician,Alta,Married,2387,3,No,22,Muy_Alta,Alta,1,7,3,4,0,3,28644,4611.684,0.03409090909090909,18
1362,36,0,Travel_Frequently,Sales,7,Master,Marketing,Baja,Muy_Alta,2,Sales Executive,Muy_Alta,Married,4639,2,No,16,Alta,Muy_Alta,1,17,2,15,6,13,55668,11356.271999999999,0.0948905109489051,17
1363,48,0,Travel_Rarely,Research & Development,4,Universitaria,Life Sciences,Muy_Alta,Alta,3,Manufacturing Director,Alta,Single,7898,1,No,11,Alta,Alta,0,11,2,10,0,8,94776,19902.96,0.0967741935483871,14
1364,27,0,Travel_Rarely,Sales,11,Universitaria,Medical,Alta,Muy_Alta,1,Sales Representative,Muy_Alta,Married,2534,8,No,14,Alta,Media,1,5,4,1,0,0,30408,5990.376,0.0948905109489051,17
1367,51,0,Travel_Rarely,Research & Development,11,Secundaria,Technical Degree,Muy_Alta,Media,4,Manufacturing Director,Media,Single,13142,3,No,16,Alta,Media,0,29,1,5,0,3,157704,33117.84,0.0967741935483871,14
1368,18,0,Non-Travel,Research & Development,1,Universitaria,Life Sciences,Muy_Alta,Alta,1,Laboratory Technician,Alta,Single,1611,1,No,15,Alta,Alta,0,0,5,0,0,0,19332,3112.452,0.9,4
1369,35,0,Travel_Rarely,Research & Development,1,Secundaria,Medical,Muy_Alta,Media,2,Laboratory Technician,Media,Married,5363,0,No,12,Alta,Media,1,10,0,9,0,0,64356,13128.624,0.03409090909090909,18
1371,27,0,Travel_Frequently,Sales,2,Primaria,Life Sciences,Muy_Alta,Baja,2,Sales Executive,Baja,Single,5071,3,No,20,Muy_Alta,Media,0,8,3,6,0,0,60852,12413.807999999999,0.0967741935483871,14
1372,55,1,Travel_Rarely,Sales,13,Master,Marketing,Baja,Muy_Alta,4,Sales Executive,Muy_Alta,Single,13695,6,Yes,17,Alta,Alta,0,24,2,19,3,8,164340,34511.4,0.32,10
1373,56,0,Travel_Rarely,Research & Development,23,Universitaria,Life Sciences,Muy_Alta,Alta,4,Manufacturing Director,Alta,Married,13402,4,Yes,12,Alta,Baja,1,33,0,19,15,9,160824,33773.04,0.10135135135135136,11
1374,34,0,Non-Travel,Research & Development,26,Secundaria,Technical Degree,Baja,Media,1,Research Scientist,Media,Divorced,2029,1,No,20,Muy_Alta,Alta,3,5,2,5,0,0,24348,3920.0280000000002,0.03409090909090909,18
1375,40,0,Travel_Rarely,Research & Development,2,Master,Medical,Media,Muy_Alta,2,Healthcare Representative,Muy_Alta,Divorced,6377,5,No,20,Muy_Alta,Media,3,15,0,12,11,8,76524,16070.039999999999,0.03409090909090909,18
1377,34,0,Travel_Rarely,Research & Development,29,Universitaria,Medical,Media,Alta,2,Laboratory Technician,Alta,Married,5429,4,No,13,Alta,Baja,2,10,1,8,7,7,65148,13290.192,0.03409090909090909,18
1379,31,1,Travel_Frequently,Sales,2,Secundaria,Life Sciences,Alta,Media,1,Sales Representative,Media,Single,2785,7,No,14,Alta,Alta,0,3,3,1,0,0,33420,6583.740000000001,0.2647058823529412,15
1380,35,1,Travel_Frequently,Sales,18,Universitaria,Marketing,Muy_Alta,Alta,2,Sales Executive,Alta,Married,4614,0,Yes,18,Alta,Alta,1,5,0,4,3,2,55368,11295.072,0.10135135135135136,11
1382,38,0,Travel_Frequently,Research & Development,7,Master,Life Sciences,Muy_Alta,Muy_Alta,1,Research Scientist,Muy_Alta,Divorced,2610,1,No,11,Alta,Muy_Alta,3,4,2,4,0,3,31320,6170.04,0.03409090909090909,18
1383,34,0,Travel_Rarely,Research & Development,2,Universitaria,Technical Degree,Alta,Alta,2,Healthcare Representative,Alta,Single,6687,1,No,11,Alta,Muy_Alta,0,14,2,14,4,11,80244,16851.239999999998,0.0967741935483871,14
1387,28,0,Travel_Rarely,Sales,26,Secundaria,Life Sciences,Alta,Media,2,Sales Executive,Media,Married,4724,1,No,11,Alta,Alta,1,5,0,5,0,4,56688,11564.351999999999,0.0948905109489051,17
1389,31,1,Travel_Rarely,Research & Development,22,Universitaria,Medical,Muy_Alta,Alta,2,Manufacturing Director,Alta,Married,6179,1,Yes,15,Alta,Muy_Alta,2,10,3,10,6,7,74148,15126.192,0.10135135135135136,11
1390,39,0,Travel_Rarely,Sales,21,Secundaria,Life Sciences,Baja,Media,2,Sales Executive,Media,Married,6120,3,Yes,12,Alta,Muy_Alta,2,8,2,5,1,4,73440,14981.759999999998,0.10135135135135136,11
1391,51,0,Travel_Frequently,Sales,2,Universitaria,Marketing,Media,Alta,3,Sales Executive,Alta,Married,10596,2,No,11,Alta,Media,0,14,5,4,3,2,127152,26701.92,0.0967741935483871,14
1392,41,0,Travel_Frequently,Research & Development,22,Universitaria,Life Sciences,Muy_Alta,Alta,2,Research Scientist,Alta,Divorced,5467,3,Yes,14,Alta,Baja,2,12,4,6,3,3,65604,13383.215999999999,0.10135135135135136,11
1394,37,0,Travel_Rarely,Research & Development,4,Universitaria,Life Sciences,Alta,Alta,1,Research Scientist,Alta,Married,2996,7,Yes,15,Alta,Muy_Alta,0,8,2,6,1,3,35952,7082.544,0.32,10
1395,33,0,Travel_Frequently,Sales,5,Universitaria,Life Sciences,Media,Alta,2,Sales Executive,Alta,Married,9998,6,No,13,Alta,Baja,0,8,2,5,1,2,119976,25194.96,0.2647058823529412,15
1396,32,0,Travel_Rarely,Sales,2,Universitaria,Marketing,Alta,Alta,2,Sales Executive,Alta,Married,4078,0,Yes,13,Alta,Baja,3,4,3,3,1,2,48936,9640.392,0.10135135135135136,11
1397,39,0,Non-Travel,Research & Development,25,Universitaria,Life Sciences,Alta,Alta,3,Healthcare Representative,Alta,Married,10920,3,No,21,Muy_Alta,Media,1,13,2,6,0,5,131040,27518.399999999998,0.03409090909090909,18
1399,25,0,Travel_Rarely,Sales,18,Master,Life Sciences,Baja,Muy_Alta,2,Sales Executive,Muy_Alta,Married,6232,2,No,11,Alta,Media,0,6,3,3,1,2,74784,15255.936,0.0967741935483871,14
1401,52,0,Travel_Frequently,Research & Development,28,Master,Medical,Muy_Alta,Muy_Alta,4,Manufacturing Director,Muy_Alta,Married,13247,2,Yes,11,Alta,Media,1,24,3,5,0,2,158964,33382.44,0.10135135135135136,11
1402,43,0,Travel_Rarely,Research & Development,6,Secundaria,Medical,Baja,Media,2,Research Scientist,Media,Single,4081,1,Yes,14,Alta,Baja,0,20,3,20,1,8,48972,9647.484,0.32,10
1403,27,0,Travel_Rarely,Sales,10,Secundaria,Marketing,Muy_Alta,Media,2,Sales Executive,Media,Married,5769,1,Yes,11,Alta,Muy_Alta,0,6,3,6,4,4,69228,14122.511999999999,0.32,10
1405,27,1,Travel_Rarely,Research & Development,17,Universitaria,Life Sciences,Muy_Alta,Alta,1,Research Scientist,Alta,Single,2394,1,Yes,13,Alta,Muy_Alta,0,8,2,8,7,7,28728,4625.2080000000005,0.6285714285714286,8
1407,26,0,Travel_Rarely,Research & Development,2,Secundaria,Medical,Baja,Media,1,Research Scientist,Media,Single,3904,0,No,12,Alta,Muy_Alta,0,5,2,4,1,1,46848,9229.056,0.0967741935483871,14
1408,42,0,Travel_Rarely,Human Resources,10,Universitaria,Human Resources,Alta,Alta,4,Manager,Alta,Married,16799,0,No,14,Alta,Alta,1,21,5,20,0,9,201588,42333.479999999996,0.0948905109489051,17
1409,52,0,Travel_Rarely,Research & Development,8,Universitaria,Other,Alta,Alta,1,Laboratory Technician,Alta,Married,2950,9,No,13,Alta,Alta,0,12,2,5,0,4,35400,6973.8,0.2647058823529412,15
1411,37,0,Travel_Rarely,Research & Development,11,Universitaria,Medical,Baja,Alta,1,Laboratory Technician,Alta,Single,3629,4,No,18,Alta,Baja,0,8,6,3,0,2,43548,8578.956,0.0967741935483871,14
1412,35,0,Travel_Frequently,Research & Development,18,Universitaria,Life Sciences,Alta,Alta,3,Manufacturing Director,Alta,Single,9362,2,No,11,Alta,Alta,0,10,2,2,2,2,112344,23592.239999999998,0.0967741935483871,14
1415,25,0,Travel_Rarely,Research & Development,1,Universitaria,Technical Degree,Baja,Alta,1,Laboratory Technician,Alta,Married,3229,4,No,11,Alta,Media,1,7,2,3,0,2,38748,7633.356000000001,0.03409090909090909,18
1417,26,0,Travel_Rarely,Research & Development,7,Master,Other,Alta,Muy_Alta,1,Laboratory Technician,Muy_Alta,Single,3578,0,No,12,Alta,Muy_Alta,0,8,2,7,0,7,42936,8458.392,0.0967741935483871,14
1419,29,0,Travel_Rarely,Human Resources,17,Secundaria,Other,Media,Media,3,Human Resources,Media,Single,7988,1,No,13,Alta,Baja,0,10,3,10,0,9,95856,20129.76,0.0967741935483871,14
1420,49,1,Travel_Frequently,Research & Development,28,Secundaria,Life Sciences,Baja,Media,2,Laboratory Technician,Media,Single,4284,3,No,20,Muy_Alta,Baja,0,20,2,4,1,3,51408,10487.232,0.0967741935483871,14
1421,29,1,Travel_Frequently,Research & Development,14,Universitaria,Other,Alta,Alta,3,Healthcare Representative,Alta,Single,7553,0,Yes,12,Alta,Baja,0,9,1,8,7,7,90636,19033.559999999998,0.32,10
1422,54,0,Travel_Rarely,Research & Development,1,Universitaria,Medical,Muy_Alta,Alta,4,Research Director,Alta,Single,17328,6,No,19,Alta,Muy_Alta,0,29,3,20,12,7,207936,43666.56,0.2647058823529412,15
1423,58,0,Travel_Rarely,Research & Development,1,Universitaria,Medical,Muy_Alta,Alta,5,Research Director,Alta,Married,19701,3,Yes,21,Muy_Alta,Alta,1,32,3,9,1,5,236412,49646.52,0.10135135135135136,11
1424,55,0,Travel_Rarely,Research & Development,1,Master,Medical,Media,Muy_Alta,4,Research Director,Muy_Alta,Divorced,14732,2,No,13,Alta,Muy_Alta,2,31,4,7,0,0,176784,37124.64,0.03409090909090909,18
1425,36,0,Travel_Rarely,Sales,3,Universitaria,Marketing,Baja,Alta,2,Sales Executive,Alta,Single,9278,3,Yes,16,Alta,Muy_Alta,0,15,3,5,0,1,111336,23380.559999999998,0.32,10
1427,31,1,Travel_Frequently,Sales,1,Primaria,Life Sciences,Media,Baja,1,Sales Representative,Baja,Single,1359,1,No,12,Alta,Media,0,1,3,1,0,0,16308,2625.588,0.9,4
1428,30,0,Travel_Rarely,Sales,7,Universitaria,Marketing,Muy_Alta,Alta,2,Sales Executive,Alta,Divorced,4779,7,No,14,Alta,Media,2,8,3,3,0,2,57348,11698.991999999998,0.0948905109489051,17
1430,31,0,Travel_Rarely,Research & Development,8,Universitaria,Life Sciences,Baja,Alta,4,Research Director,Alta,Single,16422,3,No,11,Alta,Alta,0,9,3,3,1,0,197064,41383.439999999995,0.0967741935483871,14
1431,34,0,Travel_Frequently,Research & Development,1,Universitaria,Other,Muy_Alta,Alta,1,Research Scientist,Alta,Divorced,2996,5,No,14,Alta,Alta,2,10,2,4,1,3,35952,7082.544,0.03409090909090909,18
1433,31,1,Travel_Rarely,Research & Development,8,Secundaria,Life Sciences,Baja,Media,1,Research Scientist,Media,Single,1261,1,No,12,Alta,Alta,0,1,3,1,0,0,15132,2436.252,0.3,5
1434,27,0,Travel_Rarely,Research & Development,11,Universitaria,Life Sciences,Media,Alta,1,Laboratory Technician,Alta,Married,2099,0,No,14,Alta,Media,0,6,3,5,1,4,25188,4055.268,0.0967741935483871,14
1435,36,0,Travel_Rarely,Research & Development,4,Secundaria,Life Sciences,Baja,Media,2,Laboratory Technician,Media,Single,5810,1,No,16,Alta,Alta,0,10,2,10,1,8,69720,14222.88,0.0967741935483871,14
1436,36,0,Travel_Rarely,Sales,16,Secundaria,Marketing,Alta,Media,2,Sales Executive,Media,Married,5647,4,No,13,Alta,Baja,2,11,3,3,0,2,67764,13823.856,0.0948905109489051,17
1438,47,0,Travel_Rarely,Research & Development,1,Universitaria,Technical Degree,Baja,Alta,1,Research Scientist,Alta,Married,3420,7,No,12,Alta,Alta,1,17,2,6,1,2,41040,8084.88,0.03409090909090909,18
1439,25,1,Travel_Rarely,Sales,9,Secundaria,Life Sciences,Baja,Media,1,Sales Representative,Media,Married,4400,3,No,12,Alta,Baja,0,6,2,3,2,2,52800,10771.199999999999,0.0967741935483871,14
1440,37,0,Non-Travel,Research & Development,5,Master,Technical Degree,Alta,Muy_Alta,1,Laboratory Technician,Muy_Alta,Single,3500,0,No,14,Alta,Baja,0,7,2,6,1,3,42000,8274.0,0.0967741935483871,14
1441,56,0,Travel_Rarely,Research & Development,1,Universitaria,Life Sciences,Baja,Alta,1,Research Scientist,Alta,Married,2066,2,No,22,Muy_Alta,Muy_Alta,1,5,3,3,1,0,24792,3991.512,0.03409090909090909,18
1443,47,0,Travel_Rarely,Research & Development,2,Universitaria,Medical,Baja,Alta,4,Research Director,Alta,Married,17169,3,No,19,Alta,Media,2,26,2,20,5,6,206028,43265.88,0.03409090909090909,18
1445,24,0,Travel_Rarely,Sales,4,Universitaria,Medical,Muy_Alta,Alta,2,Sales Executive,Alta,Married,4162,1,Yes,12,Alta,Alta,2,5,3,5,0,3,49944,9838.968,0.10135135135135136,11
1446,32,0,Travel_Rarely,Sales,7,Universitaria,Marketing,Muy_Alta,Alta,2,Sales Executive,Alta,Married,9204,4,No,12,Alta,Alta,1,7,3,4,0,3,110448,23194.079999999998,0.0948905109489051,17
1447,34,0,Travel_Rarely,Research & Development,1,Secundaria,Life Sciences,Muy_Alta,Media,1,Laboratory Technician,Media,Married,3294,5,No,17,Alta,Baja,1,7,2,5,0,2,39528,7787.0160000000005,0.03409090909090909,18
1448,41,0,Travel_Rarely,Research & Development,5,Master,Medical,Media,Muy_Alta,1,Research Scientist,Muy_Alta,Married,2127,2,Yes,12,Alta,Baja,0,7,5,4,0,3,25524,4109.3640000000005,0.6285714285714286,8
1449,40,0,Non-Travel,Research & Development,9,Universitaria,Other,Alta,Alta,2,Laboratory Technician,Alta,Divorced,3975,3,No,11,Alta,Alta,2,11,2,8,0,7,47700,9396.9,0.03409090909090909,18
1453,31,0,Travel_Rarely,Sales,8,Universitaria,Life Sciences,Baja,Alta,3,Sales Executive,Alta,Divorced,10793,1,No,18,Alta,Baja,1,13,5,13,9,9,129516,27198.36,0.0948905109489051,17
1457,46,1,Travel_Rarely,Sales,9,Universitaria,Marketing,Baja,Alta,3,Sales Executive,Alta,Divorced,10096,4,No,11,Alta,Baja,1,28,1,7,4,3,121152,25441.92,0.0948905109489051,17
1458,39,1,Non-Travel,Research & Development,2,Secundaria,Life Sciences,Baja,Media,1,Laboratory Technician,Media,Single,3646,2,Yes,23,Muy_Alta,Media,0,11,2,1,0,0,43752,8619.144,0.32,10
1459,31,1,Travel_Frequently,Research & Development,1,Master,Life Sciences,Alta,Muy_Alta,3,Manufacturing Director,Muy_Alta,Single,7446,1,No,11,Alta,Baja,0,10,2,10,4,7,89352,18763.92,0.0967741935483871,14
1460,45,0,Travel_Rarely,Research & Development,20,Primaria,Medical,Media,Baja,3,Healthcare Representative,Baja,Divorced,10851,2,Yes,18,Alta,Media,1,24,2,7,0,7,130212,27344.52,0.10135135135135136,11
1461,31,0,Travel_Rarely,Human Resources,8,Master,Medical,Muy_Alta,Muy_Alta,1,Human Resources,Muy_Alta,Single,2109,9,No,18,Alta,Muy_Alta,0,8,3,3,0,2,25308,4074.588,0.2647058823529412,15
1464,31,1,Travel_Frequently,Research & Development,2,Universitaria,Life Sciences,Media,Alta,1,Laboratory Technician,Alta,Married,3722,6,Yes,13,Alta,Alta,1,7,2,2,2,2,44664,8798.808,0.10135135135135136,11
1465,45,0,Travel_Rarely,Research & Development,29,Universitaria,Technical Degree,Media,Alta,3,Manufacturing Director,Alta,Married,9380,4,Yes,18,Alta,Muy_Alta,2,10,4,3,1,2,112560,23637.6,0.10135135135135136,11
1466,48,0,Travel_Rarely,Sales,7,Universitaria,Marketing,Alta,Alta,2,Sales Executive,Alta,Divorced,5486,4,No,11,Alta,Baja,3,15,3,2,2,2,65832,13429.728,0.0948905109489051,17
1467,34,1,Travel_Rarely,Human Resources,9,Universitaria,Technical Degree,Baja,Alta,1,Human Resources,Alta,Married,2742,1,No,15,Alta,Muy_Alta,0,2,0,2,2,2,32904,6482.088000000001,0.0967741935483871,14
1468,40,0,Non-Travel,Research & Development,8,Secundaria,Medical,Muy_Alta,Media,3,Research Director,Media,Divorced,13757,2,No,11,Alta,Alta,1,16,5,9,4,8,165084,34667.64,0.03409090909090909,18
1469,28,0,Travel_Rarely,Sales,5,Universitaria,Medical,Muy_Alta,Alta,2,Sales Executive,Alta,Single,8463,0,No,18,Alta,Muy_Alta,0,6,4,5,1,3,101556,21326.76,0.0967741935483871,14
1471,44,0,Non-Travel,Research & Development,5,Secundaria,Life Sciences,Alta,Media,1,Laboratory Technician,Media,Single,3162,3,No,14,Alta,Muy_Alta,0,7,5,5,0,3,37944,7474.968000000001,0.0967741935483871,14
1472,53,0,Travel_Rarely,Research & Development,2,Universitaria,Medical,Muy_Alta,Muy_Alta,4,Research Director,Muy_Alta,Single,16598,4,No,12,Alta,Media,0,35,2,9,8,8,199176,41826.96,0.0967741935483871,14
1473,49,0,Travel_Rarely,Research & Development,5,Universitaria,Technical Degree,Baja,Alta,2,Healthcare Representative,Alta,Married,6651,2,No,14,Alta,Media,1,20,0,3,1,2,79812,16760.52,0.03409090909090909,18
1474,40,0,Travel_Rarely,Research & Development,2,Universitaria,Medical,Alta,Alta,1,Research Scientist,Alta,Divorced,2345,2,No,14,Alta,Alta,1,8,3,3,1,2,28140,4530.54,0.03409090909090909,18
1475,44,0,Travel_Rarely,Research & Development,20,Universitaria,Life Sciences,Muy_Alta,Alta,1,Research Scientist,Alta,Single,3420,1,No,13,Alta,Alta,0,6,3,5,1,3,41040,8084.88,0.0967741935483871,14
1477,33,0,Travel_Frequently,Sales,7,Universitaria,Medical,Muy_Alta,Alta,2,Sales Executive,Alta,Married,4373,0,No,14,Alta,Baja,2,5,2,4,0,3,52476,10705.104,0.0948905109489051,17
1478,34,0,Travel_Rarely,Sales,3,Primaria,Other,Muy_Alta,Baja,2,Sales Executive,Baja,Single,4759,3,No,18,Alta,Muy_Alta,0,15,2,13,3,12,57108,11650.032,0.0967741935483871,14
1479,30,0,Travel_Rarely,Sales,16,Universitaria,Life Sciences,Muy_Alta,Alta,2,Sales Executive,Alta,Married,5301,8,No,15,Alta,Alta,2,4,2,2,2,2,63612,12976.848,0.0948905109489051,17
1480,42,0,Travel_Frequently,Research & Development,9,Universitaria,Medical,Baja,Alta,1,Laboratory Technician,Alta,Single,3673,1,No,13,Alta,Alta,0,12,3,12,5,8,44076,8682.972,0.0967741935483871,14
1481,44,0,Travel_Frequently,Sales,1,Universitaria,Marketing,Baja,Alta,2,Sales Executive,Alta,Married,4768,7,No,12,Alta,Alta,1,11,4,1,0,0,57216,11672.063999999998,0.0948905109489051,17
1482,30,0,Non-Travel,Research & Development,7,Universitaria,Technical Degree,Alta,Alta,1,Research Scientist,Alta,Divorced,1274,1,No,13,Alta,Media,2,1,2,1,0,0,15288,2461.368,0.3,5
1483,57,0,Travel_Rarely,Research & Development,1,Master,Life Sciences,Media,Muy_Alta,2,Research Scientist,Muy_Alta,Married,4900,0,No,24,Muy_Alta,Baja,1,13,2,12,2,8,58800,11995.199999999999,0.03409090909090909,18
1484,49,0,Travel_Rarely,Research & Development,7,Universitaria,Life Sciences,Alta,Alta,3,Healthcare Representative,Alta,Divorced,10466,3,No,14,Alta,Media,2,29,3,8,0,7,125592,26374.32,0.03409090909090909,18
1485,34,0,Travel_Frequently,Research & Development,15,Universitaria,Medical,Media,Alta,4,Research Director,Alta,Divorced,17007,7,No,14,Alta,Muy_Alta,2,16,3,14,6,9,204084,42857.64,0.03409090909090909,18
1486,28,1,Travel_Frequently,Sales,1,Universitaria,Technical Degree,Baja,Alta,1,Sales Representative,Alta,Married,2909,3,No,15,Alta,Muy_Alta,1,5,3,3,1,2,34908,6876.876,0.0948905109489051,17
1487,29,1,Travel_Frequently,Sales,13,Universitaria,Technical Degree,Baja,Alta,2,Sales Executive,Alta,Single,5765,5,No,11,Alta,Baja,0,7,4,5,0,0,69180,14112.72,0.2647058823529412,15
1489,34,1,Travel_Rarely,Sales,24,Secundaria,Medical,Baja,Media,2,Sales Executive,Media,Single,4599,0,Yes,23,Muy_Alta,Alta,0,16,2,15,10,10,55188,11258.351999999999,0.32,10
1492,35,0,Travel_Rarely,Sales,7,Universitaria,Life Sciences,Muy_Alta,Alta,1,Sales Representative,Alta,Married,2404,1,No,13,Alta,Baja,1,1,3,1,0,0,28848,4644.528,0.6,3
1494,24,1,Travel_Frequently,Research & Development,9,Universitaria,Medical,Media,Alta,1,Laboratory Technician,Alta,Single,3172,2,Yes,11,Alta,Alta,0,4,2,0,0,0,38064,7498.608,0.32,10
1495,24,0,Non-Travel,Sales,13,Universitaria,Life Sciences,Muy_Alta,Alta,1,Sales Representative,Alta,Married,2033,1,No,13,Alta,Alta,1,1,2,1,0,0,24396,3927.7560000000003,0.6,3
1496,44,0,Travel_Frequently,Research & Development,2,Universitaria,Medical,Media,Alta,3,Manufacturing Director,Alta,Single,10209,5,Yes,18,Alta,Media,0,16,2,2,2,2,122508,25726.68,0.32,10
1497,29,0,Travel_Rarely,Sales,19,Universitaria,Life Sciences,Alta,Media,2,Sales Executive,Media,Divorced,8620,1,No,14,Alta,Alta,2,10,3,10,0,4,103440,21722.399999999998,0.0948905109489051,17
1499,30,0,Travel_Rarely,Human Resources,1,Universitaria,Life Sciences,Alta,Alta,1,Human Resources,Alta,Divorced,2064,0,No,21,Muy_Alta,Baja,1,6,3,5,1,3,24768,3987.648,0.0948905109489051,17
1501,55,0,Travel_Rarely,Research & Development,4,Universitaria,Life Sciences,Muy_Alta,Alta,2,Healthcare Representative,Alta,Married,4035,0,Yes,16,Alta,Media,0,4,2,3,1,2,48420,9538.74,0.32,10
1502,33,0,Travel_Rarely,Research & Development,4,Secundaria,Medical,Baja,Media,1,Laboratory Technician,Media,Married,3838,8,No,11,Alta,Muy_Alta,0,8,5,5,0,2,46056,9073.032000000001,0.2647058823529412,15
1503,47,0,Travel_Rarely,Sales,14,Universitaria,Medical,Alta,Alta,2,Sales Executive,Alta,Married,4591,3,Yes,17,Alta,Alta,1,11,4,5,1,2,55092,11238.768,0.10135135135135136,11
1504,28,1,Travel_Frequently,Research & Development,2,Secundaria,Medical,Alta,Media,1,Laboratory Technician,Media,Single,2561,7,No,11,Alta,Alta,0,8,2,0,0,0,30732,6054.204000000001,0.2647058823529412,15
1506,28,0,Travel_Rarely,Research & Development,1,Secundaria,Life Sciences,Baja,Media,1,Research Scientist,Media,Divorced,1563,1,No,14,Alta,Muy_Alta,1,1,2,1,0,0,18756,3019.716,0.3,5
1507,28,0,Travel_Frequently,Sales,7,Universitaria,Life Sciences,Alta,Alta,2,Sales Executive,Alta,Single,4898,0,No,14,Alta,Muy_Alta,0,5,5,4,1,3,58776,11990.304,0.0967741935483871,14
1509,49,0,Travel_Rarely,Research & Development,3,Secundaria,Medical,Alta,Media,2,Laboratory Technician,Media,Married,4789,4,No,25,Muy_Alta,Baja,1,10,3,3,1,2,57468,11723.472,0.03409090909090909,18
1513,29,0,Travel_Frequently,Research & Development,2,Universitaria,Life Sciences,Muy_Alta,Alta,1,Laboratory Technician,Alta,Married,3180,0,No,13,Alta,Alta,3,4,3,3,0,2,38160,7517.52,0.03409090909090909,18
1514,28,0,Travel_Rarely,Research & Development,29,Primaria,Life Sciences,Alta,Baja,2,Manufacturing Director,Baja,Married,6549,1,No,14,Alta,Media,2,8,2,8,1,7,78588,16503.48,0.03409090909090909,18
1515,33,0,Travel_Rarely,Research & Development,8,Universitaria,Life Sciences,Muy_Alta,Alta,2,Healthcare Representative,Alta,Single,6388,2,Yes,17,Alta,Baja,0,14,6,0,0,0,76656,16097.76,0.32,10
1516,32,0,Travel_Rarely,Research & Development,10,Universitaria,Medical,Alta,Alta,3,Manager,Alta,Single,11244,2,No,25,Muy_Alta,Media,0,10,5,5,0,0,134928,28334.879999999997,0.0967741935483871,14
1520,54,0,Travel_Frequently,Research & Development,11,Universitaria,Medical,Media,Alta,4,Manager,Alta,Divorced,16032,3,No,20,Muy_Alta,Baja,1,26,2,14,1,12,192384,40400.64,0.03409090909090909,18
1522,29,1,Travel_Rarely,Research & Development,1,Secundaria,Technical Degree,Baja,Media,1,Research Scientist,Media,Single,2362,6,No,13,Alta,Alta,0,11,2,9,0,7,28344,4563.384,0.2647058823529412,15
1523,44,0,Travel_Rarely,Research & Development,28,Universitaria,Life Sciences,Muy_Alta,Alta,4,Research Director,Alta,Married,16328,3,No,13,Alta,Alta,1,24,1,20,14,17,195936,41146.56,0.03409090909090909,18
1525,39,0,Travel_Rarely,Research & Development,6,Universitaria,Life Sciences,Media,Alta,3,Manufacturing Director,Alta,Single,8376,4,No,18,Alta,Muy_Alta,0,9,3,2,2,2,100512,21107.52,0.0967741935483871,14
1527,46,0,Travel_Rarely,Sales,3,Universitaria,Life Sciences,Alta,Alta,4,Manager,Alta,Married,16606,8,No,12,Alta,Muy_Alta,1,23,2,13,5,1,199272,41847.119999999995,0.0948905109489051,17
1529,35,0,Travel_Rarely,Research & Development,16,Secundaria,Life Sciences,Muy_Alta,Media,3,Healthcare Representative,Media,Single,8606,1,No,19,Alta,Muy_Alta,0,11,3,11,3,3,103272,21687.12,0.0967741935483871,14
1533,23,0,Travel_Rarely,Research & Development,20,Universitaria,Life Sciences,Baja,Alta,2,Laboratory Technician,Alta,Single,2272,0,No,14,Alta,Media,0,5,2,4,1,2,27264,4389.504,0.0967741935483871,14
1534,40,1,Travel_Rarely,Research & Development,9,Universitaria,Life Sciences,Muy_Alta,Alta,1,Laboratory Technician,Alta,Single,2018,3,No,14,Alta,Media,0,15,3,5,1,0,24216,3898.7760000000003,0.0967741935483871,14
1535,34,0,Travel_Rarely,Sales,1,Secundaria,Technical Degree,Muy_Alta,Media,3,Sales Executive,Media,Married,7083,1,Yes,14,Alta,Muy_Alta,0,10,3,10,8,6,84996,17849.16,0.32,10
1537,31,1,Travel_Frequently,Research & Development,3,Universitaria,Life Sciences,Muy_Alta,Alta,1,Research Scientist,Alta,Single,4084,1,No,12,Alta,Baja,0,7,2,7,7,7,49008,9654.576000000001,0.0967741935483871,14
1539,50,0,Travel_Frequently,Research & Development,22,Universitaria,Medical,Alta,Baja,4,Research Director,Alta,Single,14411,1,Yes,13,Alta,Muy_Alta,0,32,2,32,13,9,172932,36315.72,0.32,10
1541,34,0,Travel_Rarely,Sales,7,Universitaria,Technical Degree,Media,Alta,1,Sales Representative,Alta,Married,2308,0,Yes,25,Muy_Alta,Media,1,12,4,11,5,7,27696,4459.0560000000005,0.6285714285714286,8
1542,42,0,Travel_Rarely,Research & Development,2,Secundaria,Medical,Alta,Media,1,Laboratory Technician,Media,Married,4841,4,No,14,Alta,Media,1,4,3,1,0,0,58092,11850.768,0.03409090909090909,18
1543,37,0,Travel_Rarely,Research & Development,13,Universitaria,Medical,Baja,Alta,2,Research Scientist,Alta,Married,4285,1,No,17,Alta,Baja,0,10,2,10,3,7,51420,10489.679999999998,0.0967741935483871,14
1544,29,0,Travel_Rarely,Research & Development,8,Primaria,Other,Alta,Baja,2,Healthcare Representative,Baja,Married,9715,3,No,13,Alta,Alta,1,9,3,7,0,7,116580,24481.8,0.03409090909090909,18
1545,33,0,Travel_Rarely,Research & Development,25,Secundaria,Life Sciences,Muy_Alta,Media,2,Manufacturing Director,Media,Single,4320,1,No,13,Alta,Muy_Alta,0,5,2,5,0,2,51840,10575.359999999999,0.0967741935483871,14
1546,45,0,Travel_Rarely,Research & Development,28,Universitaria,Technical Degree,Muy_Alta,Alta,1,Research Scientist,Alta,Married,2132,4,No,20,Muy_Alta,Muy_Alta,1,8,3,5,0,3,25584,4119.024,0.03409090909090909,18
1547,42,0,Travel_Frequently,Research & Development,2,Universitaria,Life Sciences,Muy_Alta,Alta,3,Healthcare Representative,Alta,Married,10124,2,Yes,14,Alta,Alta,1,24,3,20,13,9,121488,25512.48,0.10135135135135136,11
1548,40,0,Travel_Rarely,Sales,9,Universitaria,Medical,Baja,Alta,2,Sales Executive,Alta,Married,5473,0,No,12,Alta,Muy_Alta,0,9,5,8,7,1,65676,13397.903999999999,0.0967741935483871,14
1549,33,0,Travel_Rarely,Research & Development,28,Universitaria,Life Sciences,Media,Alta,2,Laboratory Technician,Alta,Married,5207,1,Yes,12,Alta,Media,1,15,3,15,5,7,62484,12746.735999999999,0.10135135135135136,11
1550,40,0,Travel_Rarely,Human Resources,6,Universitaria,Medical,Alta,Alta,4,Manager,Alta,Single,16437,1,Yes,21,Muy_Alta,Muy_Alta,0,21,2,21,7,7,197244,41421.24,0.32,10
1551,24,0,Travel_Rarely,Research & Development,21,Secundaria,Technical Degree,Alta,Media,1,Laboratory Technician,Media,Divorced,2296,0,No,14,Alta,Media,3,2,3,1,0,0,27552,4435.872,0.03409090909090909,18
1552,40,0,Non-Travel,Research & Development,8,Universitaria,Life Sciences,Muy_Alta,Alta,2,Healthcare Representative,Alta,Divorced,4069,3,Yes,18,Alta,Alta,0,8,2,2,2,2,48828,9619.116,0.32,10
1553,45,0,Travel_Rarely,Research & Development,1,Universitaria,Technical Degree,Baja,Alta,3,Healthcare Representative,Alta,Divorced,7441,1,No,12,Alta,Baja,3,10,4,10,7,7,89292,18751.32,0.03409090909090909,18
1554,35,0,Travel_Rarely,Sales,28,Secundaria,Life Sciences,Media,Media,1,Sales Representative,Media,Married,2430,0,No,23,Muy_Alta,Baja,2,6,5,5,4,2,29160,4694.76,0.0948905109489051,17
1555,32,0,Travel_Rarely,Research & Development,5,Secundaria,Life Sciences,Muy_Alta,Media,2,Research Scientist,Media,Married,5878,3,No,12,Alta,Baja,1,12,2,7,2,5,70536,14389.344,0.03409090909090909,18
1556,36,0,Travel_Rarely,Sales,2,Universitaria,Life Sciences,Alta,Alta,1,Sales Representative,Alta,Single,2644,3,Yes,21,Muy_Alta,Muy_Alta,0,7,3,3,1,2,31728,6250.416,0.32,10
1557,48,0,Travel_Rarely,Sales,16,Universitaria,Life Sciences,Alta,Alta,2,Sales Executive,Alta,Divorced,6439,8,No,14,Alta,Alta,1,18,2,8,7,7,77268,16226.279999999999,0.0948905109489051,17
1558,29,0,Travel_Rarely,Research & Development,9,Master,Life Sciences,Alta,Muy_Alta,1,Research Scientist,Muy_Alta,Married,2451,6,No,18,Alta,Baja,2,5,2,1,0,0,29412,4735.332,0.03409090909090909,18
1560,33,0,Travel_Rarely,Sales,8,Universitaria,Life Sciences,Baja,Alta,2,Sales Executive,Alta,Married,6392,2,No,13,Alta,Muy_Alta,1,8,6,2,2,2,76704,16107.84,0.0948905109489051,17
1562,30,1,Travel_Rarely,Sales,1,Secundaria,Life Sciences,Media,Media,2,Sales Executive,Alta,Married,9714,1,No,11,Alta,Muy_Alta,1,10,4,10,6,7,116568,24479.28,0.0948905109489051,17
1563,38,0,Travel_Frequently,Human Resources,10,Universitaria,Human Resources,Alta,Alta,2,Human Resources,Alta,Married,6077,3,No,11,Alta,Alta,0,10,2,6,1,2,72924,14876.496,0.0967741935483871,14
1564,35,0,Travel_Rarely,Research & Development,1,Universitaria,Medical,Muy_Alta,Media,1,Laboratory Technician,Media,Single,2450,1,No,19,Alta,Media,0,3,3,3,1,2,29400,4733.400000000001,0.0967741935483871,14
1568,30,0,Travel_Rarely,Sales,29,Universitaria,Technical Degree,Alta,Alta,3,Sales Executive,Alta,Married,9250,3,No,12,Alta,Media,1,9,3,4,1,3,111000,23310.0,0.0948905109489051,17
1569,35,1,Travel_Rarely,Research & Development,2,Universitaria,Life Sciences,Baja,Alta,1,Laboratory Technician,Alta,Divorced,2074,1,Yes,12,Alta,Muy_Alta,1,1,2,1,0,0,24888,4006.9680000000003,0.6,3
1572,53,1,Travel_Rarely,Research & Development,2,Secundaria,Technical Degree,Alta,Media,3,Manufacturing Director,Media,Married,10169,0,No,16,Alta,Media,1,34,4,33,1,9,122028,25625.879999999997,0.03409090909090909,18
1573,38,1,Travel_Rarely,Research & Development,2,Universitaria,Medical,Alta,Alta,2,Manufacturing Director,Alta,Married,4855,4,No,11,Alta,Baja,2,7,2,5,1,4,58260,11885.039999999999,0.03409090909090909,18
1574,32,0,Non-Travel,Research & Development,1,Universitaria,Technical Degree,Muy_Alta,Alta,2,Research Scientist,Alta,Married,4087,4,No,14,Alta,Media,1,9,3,6,1,2,49044,9661.668,0.03409090909090909,18
1576,48,0,Travel_Rarely,Research & Development,15,Universitaria,Other,Alta,Alta,1,Research Scientist,Alta,Married,2367,8,No,12,Alta,Muy_Alta,1,10,3,8,7,6,28404,4573.044,0.03409090909090909,18
1577,34,0,Travel_Rarely,Research & Development,7,Universitaria,Medical,Baja,Alta,1,Research Scientist,Alta,Single,2972,1,No,13,Alta,Alta,0,1,4,1,0,0,35664,7025.808,0.3,5
1578,55,0,Travel_Rarely,Sales,26,Secundaria,Marketing,Alta,Media,5,Manager,Media,Married,19586,1,No,21,Muy_Alta,Alta,1,36,3,36,2,13,235032,49356.72,0.0948905109489051,17
1580,34,0,Travel_Rarely,Research & Development,1,Universitaria,Life Sciences,Media,Alta,2,Research Scientist,Alta,Married,5484,9,No,17,Alta,Media,1,9,3,2,2,1,65808,13424.831999999999,0.03409090909090909,18
1581,26,0,Travel_Rarely,Research & Development,3,Universitaria,Life Sciences,Baja,Alta,1,Research Scientist,Alta,Married,2061,1,No,21,Muy_Alta,Baja,0,1,5,1,0,0,24732,3981.8520000000003,0.3,5
1582,38,0,Travel_Rarely,Sales,14,Universitaria,Life Sciences,Alta,Alta,2,Sales Executive,Alta,Married,9924,0,No,11,Alta,Muy_Alta,1,10,3,9,7,7,119088,25008.48,0.0948905109489051,17
1583,38,0,Travel_Rarely,Sales,16,Universitaria,Life Sciences,Media,Alta,2,Sales Executive,Alta,Single,4198,2,No,12,Alta,Media,0,8,5,3,1,2,50376,10276.704,0.0967741935483871,14
1585,36,0,Travel_Rarely,Sales,1,Universitaria,Life Sciences,Media,Alta,2,Sales Executive,Alta,Single,6815,6,No,13,Alta,Baja,0,15,5,1,0,0,81780,17173.8,0.2647058823529412,15
1586,29,0,Travel_Rarely,Research & Development,3,Universitaria,Medical,Media,Alta,1,Laboratory Technician,Alta,Single,4723,1,Yes,18,Alta,Muy_Alta,0,10,3,10,1,5,56676,11561.903999999999,0.32,10
1587,35,0,Travel_Rarely,Research & Development,10,Universitaria,Medical,Baja,Alta,2,Healthcare Representative,Alta,Single,6142,3,Yes,16,Alta,Alta,0,10,4,5,0,4,73704,15035.615999999998,0.32,10
1588,39,0,Travel_Rarely,Sales,6,Master,Medical,Muy_Alta,Muy_Alta,3,Sales Executive,Muy_Alta,Married,8237,2,No,11,Alta,Baja,1,11,3,7,7,6,98844,20757.239999999998,0.0948905109489051,17
1590,29,0,Travel_Frequently,Research & Development,2,Universitaria,Life Sciences,Baja,Alta,2,Healthcare Representative,Alta,Divorced,8853,1,No,19,Alta,Muy_Alta,1,6,0,6,1,3,106236,22309.559999999998,0.03409090909090909,18
1591,50,0,Travel_Rarely,Sales,9,Universitaria,Marketing,Alta,Alta,5,Manager,Alta,Married,19331,4,Yes,16,Alta,Alta,1,27,2,1,0,0,231972,48714.119999999995,0.10135135135135136,11
1592,23,0,Travel_Rarely,Research & Development,10,Master,Technical Degree,Muy_Alta,Muy_Alta,1,Research Scientist,Muy_Alta,Married,2073,2,No,16,Alta,Muy_Alta,1,4,2,2,2,2,24876,4005.036,0.03409090909090909,18
1594,36,0,Travel_Frequently,Research & Development,6,Master,Life Sciences,Baja,Muy_Alta,2,Laboratory Technician,Muy_Alta,Married,5562,3,Yes,13,Alta,Muy_Alta,1,9,3,3,0,2,66744,13615.776,0.10135135135135136,11
1595,42,0,Travel_Rarely,Research & Development,9,Secundaria,Other,Muy_Alta,Media,5,Manager,Media,Single,19613,8,No,22,Muy_Alta,Muy_Alta,0,24,2,1,0,1,235356,49424.759999999995,0.2647058823529412,15
1596,35,0,Travel_Rarely,Research & Development,28,Master,Life Sciences,Media,Muy_Alta,2,Laboratory Technician,Muy_Alta,Married,3407,1,No,17,Alta,Muy_Alta,2,10,3,10,6,8,40884,8054.148,0.03409090909090909,18
1597,34,0,Travel_Frequently,Research & Development,10,Secundaria,Technical Degree,Muy_Alta,Media,2,Healthcare Representative,Media,Married,5063,1,No,14,Alta,Media,1,8,3,8,7,7,60756,12394.223999999998,0.03409090909090909,18
1598,40,0,Travel_Rarely,Sales,14,Universitaria,Life Sciences,Muy_Alta,Alta,2,Sales Executive,Alta,Married,4639,1,No,15,Alta,Alta,1,5,2,5,1,2,55668,11356.271999999999,0.0948905109489051,17
1599,43,0,Travel_Rarely,Research & Development,27,Master,Technical Degree,Muy_Alta,Muy_Alta,1,Laboratory Technician,Muy_Alta,Divorced,4876,5,No,12,Alta,Alta,1,8,0,6,0,2,58512,11936.447999999999,0.03409090909090909,18
1601,35,0,Travel_Rarely,Research & Development,7,Secundaria,Life Sciences,Alta,Media,1,Laboratory Technician,Media,Married,2690,1,No,18,Alta,Muy_Alta,1,1,5,1,0,1,32280,6359.16,0.6,3
1602,46,0,Travel_Rarely,Sales,1,Master,Life Sciences,Muy_Alta,Muy_Alta,4,Manager,Muy_Alta,Single,17567,1,No,15,Alta,Media,0,27,5,26,0,12,210804,44268.84,0.0967741935483871,14
1604,28,1,Travel_Rarely,Research & Development,24,Universitaria,Medical,Alta,Alta,1,Laboratory Technician,Alta,Married,2408,1,Yes,17,Alta,Alta,3,1,3,1,0,0,28896,4652.256,0.6,3
1605,22,0,Non-Travel,Research & Development,26,Secundaria,Other,Media,Media,1,Research Scientist,Media,Married,2814,1,Yes,14,Alta,Media,0,4,2,4,1,3,33768,6652.296,0.32,10
1606,50,0,Travel_Frequently,Research & Development,20,Universitaria,Medical,Media,Alta,4,Healthcare Representative,Alta,Married,11245,2,Yes,15,Alta,Alta,1,32,3,30,12,13,134940,28337.399999999998,0.10135135135135136,11
1607,32,0,Travel_Rarely,Research & Development,5,Master,Other,Media,Muy_Alta,1,Research Scientist,Muy_Alta,Married,3312,3,No,17,Alta,Muy_Alta,2,6,3,3,0,2,39744,7829.568,0.03409090909090909,18
1608,44,0,Travel_Rarely,Research & Development,7,Universitaria,Medical,Media,Alta,5,Research Director,Alta,Divorced,19049,0,Yes,14,Alta,Muy_Alta,1,23,4,22,1,10,228588,48003.479999999996,0.10135135135135136,11
1609,30,0,Travel_Rarely,Research & Development,7,Secundaria,Medical,Media,Media,1,Research Scientist,Media,Married,2141,1,No,12,Alta,Media,1,6,3,6,1,1,25692,4136.412,0.03409090909090909,18
1611,45,0,Travel_Rarely,Research & Development,5,Primaria,Medical,Alta,Baja,2,Laboratory Technician,Baja,Single,5769,1,Yes,14,Alta,Baja,0,10,3,10,1,4,69228,14122.511999999999,0.32,10
1612,45,0,Non-Travel,Sales,26,Secundaria,Marketing,Baja,Media,2,Sales Executive,Media,Married,4385,1,No,15,Alta,Baja,1,10,2,10,4,5,52620,10734.48,0.0948905109489051,17
1613,31,0,Travel_Frequently,Sales,2,Universitaria,Other,Muy_Alta,Alta,2,Sales Executive,Alta,Single,5332,7,No,13,Alta,Muy_Alta,0,10,3,5,0,3,63984,13052.735999999999,0.2647058823529412,15
1614,36,0,Travel_Rarely,Research & Development,12,Universitaria,Life Sciences,Alta,Alta,2,Manufacturing Director,Alta,Married,4663,9,Yes,12,Alta,Media,2,7,2,3,1,1,55956,11415.024,0.10135135135135136,11
1615,34,0,Travel_Frequently,Research & Development,10,Master,Life Sciences,Alta,Muy_Alta,2,Manufacturing Director,Muy_Alta,Divorced,4724,1,No,13,Alta,Baja,1,9,3,9,7,2,56688,11564.351999999999,0.03409090909090909,18
1617,49,0,Travel_Rarely,Research & Development,25,Universitaria,Life Sciences,Alta,Alta,1,Laboratory Technician,Alta,Married,3211,1,No,14,Alta,Muy_Alta,1,10,3,9,1,4,38532,7590.804,0.03409090909090909,18
1618,39,0,Travel_Rarely,Research & Development,10,Universitaria,Medical,Media,Alta,2,Manufacturing Director,Alta,Married,5377,2,No,13,Alta,Muy_Alta,3,10,3,7,7,7,64524,13162.895999999999,0.03409090909090909,18
1619,27,0,Travel_Rarely,Research & Development,19,Secundaria,Other,Muy_Alta,Media,1,Laboratory Technician,Media,Divorced,4066,1,No,11,Alta,Baja,2,7,3,7,0,7,48792,9612.024000000001,0.03409090909090909,18
1621,35,0,Travel_Rarely,Research & Development,18,Master,Life Sciences,Media,Muy_Alta,2,Research Scientist,Muy_Alta,Married,5208,1,No,11,Alta,Muy_Alta,0,16,2,16,1,10,62496,12749.184,0.0967741935483871,14
1622,28,0,Travel_Rarely,Research & Development,27,Primaria,Medical,Media,Baja,2,Manufacturing Director,Baja,Divorced,4877,0,No,21,Muy_Alta,Media,1,6,5,5,0,0,58524,11938.895999999999,0.03409090909090909,18
1623,21,0,Travel_Rarely,Research & Development,5,Universitaria,Medical,Alta,Alta,1,Research Scientist,Alta,Single,3117,1,No,18,Alta,Alta,0,3,2,2,2,2,37404,7368.588000000001,0.0967741935483871,14
1624,18,1,Travel_Frequently,Sales,3,Universitaria,Medical,Media,Alta,1,Sales Representative,Alta,Single,1569,1,Yes,12,Alta,Alta,0,0,2,0,0,0,18828,3031.308,0.9,4
1625,47,0,Travel_Rarely,Human Resources,26,Universitaria,Life Sciences,Muy_Alta,Alta,5,Manager,Alta,Married,19658,3,No,11,Alta,Alta,1,27,2,5,1,0,235896,49538.159999999996,0.0948905109489051,17
1627,39,0,Travel_Rarely,Research & Development,3,Secundaria,Medical,Alta,Media,2,Laboratory Technician,Media,Divorced,3069,0,No,15,Alta,Muy_Alta,1,11,3,10,0,7,36828,7255.116,0.03409090909090909,18
1628,40,0,Travel_Rarely,Research & Development,15,Universitaria,Life Sciences,Baja,Alta,3,Manufacturing Director,Alta,Married,10435,1,No,13,Alta,Muy_Alta,2,18,2,18,14,12,125220,26296.2,0.03409090909090909,18
1630,35,0,Non-Travel,Research & Development,8,Universitaria,Life Sciences,Alta,Alta,2,Healthcare Representative,Alta,Married,4148,1,No,12,Alta,Muy_Alta,1,15,5,14,2,9,49776,9805.872000000001,0.03409090909090909,18
1631,37,0,Travel_Rarely,Research & Development,19,Universitaria,Life Sciences,Alta,Alta,2,Manufacturing Director,Alta,Married,5768,3,No,17,Alta,Baja,3,9,2,4,0,2,69216,14120.063999999998,0.03409090909090909,18
1633,39,0,Travel_Frequently,Research & Development,4,Universitaria,Medical,Baja,Alta,2,Manufacturing Director,Alta,Single,5042,0,No,13,Alta,Muy_Alta,0,10,2,9,3,8,60504,12342.815999999999,0.0967741935483871,14
1635,45,0,Travel_Rarely,Research & Development,2,Secundaria,Other,Muy_Alta,Media,2,Manufacturing Director,Media,Divorced,5770,1,No,19,Alta,Baja,2,10,3,10,3,9,69240,14124.96,0.03409090909090909,18
1638,38,0,Travel_Rarely,Research & Development,2,Secundaria,Medical,Muy_Alta,Media,3,Manufacturing Director,Media,Married,7756,3,Yes,19,Alta,Muy_Alta,1,10,6,5,0,2,93072,19545.12,0.10135135135135136,11
1639,35,1,Travel_Rarely,Sales,10,Secundaria,Medical,Muy_Alta,Media,3,Sales Executive,Media,Married,10306,9,No,17,Alta,Alta,0,15,3,13,6,0,123672,25971.12,0.2647058823529412,15
1640,37,0,Travel_Rarely,Research & Development,10,Universitaria,Medical,Media,Alta,1,Research Scientist,Alta,Married,3936,1,No,11,Alta,Baja,1,8,2,8,7,7,47232,9304.704,0.03409090909090909,18
1641,40,0,Travel_Rarely,Research & Development,16,Universitaria,Life Sciences,Alta,Alta,3,Manufacturing Director,Alta,Single,7945,6,Yes,15,Alta,Muy_Alta,0,18,2,4,3,3,95340,20021.399999999998,0.32,10
1642,44,0,Travel_Frequently,Human Resources,1,Universitaria,Human Resources,Baja,Alta,2,Human Resources,Alta,Married,5743,4,Yes,11,Alta,Alta,0,14,3,10,0,2,68916,14058.864,0.32,10
1644,48,0,Travel_Frequently,Research & Development,4,Secundaria,Medical,Alta,Media,4,Manager,Media,Married,15202,2,No,25,Muy_Alta,Media,1,23,3,2,2,2,182424,38309.04,0.03409090909090909,18
1645,35,1,Travel_Rarely,Sales,15,Primaria,Medical,Baja,Baja,2,Sales Executive,Baja,Divorced,5440,6,Yes,14,Alta,Muy_Alta,2,7,2,2,2,2,65280,13317.119999999999,0.10135135135135136,11
1646,24,0,Travel_Frequently,Research & Development,2,Universitaria,Technical Degree,Baja,Alta,1,Research Scientist,Alta,Single,3760,1,Yes,13,Alta,Alta,0,6,2,6,1,3,45120,8888.640000000001,0.32,10
1647,27,0,Travel_Rarely,Research & Development,8,Universitaria,Medical,Media,Muy_Alta,1,Research Scientist,Muy_Alta,Married,3517,7,No,17,Alta,Baja,0,5,0,3,0,2,42204,8314.188,0.2647058823529412,15
1648,27,0,Travel_Frequently,Research & Development,2,Universitaria,Medical,Muy_Alta,Alta,1,Research Scientist,Alta,Single,2580,2,No,13,Alta,Alta,0,6,0,4,1,2,30960,6099.12,0.0967741935483871,14
1649,40,1,Travel_Rarely,Research & Development,7,Universitaria,Life Sciences,Baja,Alta,1,Laboratory Technician,Alta,Single,2166,3,Yes,14,Alta,Media,0,10,3,4,0,3,25992,4184.712,0.6285714285714286,8
1650,29,0,Travel_Rarely,Sales,10,Secundaria,Medical,Alta,Media,2,Sales Executive,Media,Single,5869,9,No,11,Alta,Alta,0,8,2,5,1,4,70428,14367.312,0.2647058823529412,15
1651,36,0,Travel_Rarely,Research & Development,5,Universitaria,Life Sciences,Media,Alta,3,Healthcare Representative,Alta,Married,8008,4,No,12,Alta,Alta,2,9,6,3,0,2,96096,20180.16,0.03409090909090909,18
1653,25,0,Travel_Frequently,Research & Development,2,Master,Life Sciences,Muy_Alta,Muy_Alta,2,Manufacturing Director,Muy_Alta,Divorced,5206,1,No,17,Alta,Alta,2,7,6,7,0,7,62472,12744.287999999999,0.03409090909090909,18
1654,39,0,Travel_Rarely,Research & Development,12,Universitaria,Medical,Muy_Alta,Alta,2,Manufacturing Director,Alta,Married,5295,4,No,21,Muy_Alta,Alta,0,7,3,5,1,0,63540,12962.16,0.0967741935483871,14
1655,49,0,Travel_Rarely,Research & Development,22,Universitaria,Other,Baja,Alta,4,Research Director,Alta,Married,16413,3,No,16,Alta,Media,2,27,2,4,1,2,196956,41360.76,0.03409090909090909,18
1656,50,0,Travel_Rarely,Research & Development,17,Secundaria,Life Sciences,Muy_Alta,Media,3,Research Director,Media,Divorced,13269,5,No,15,Alta,Alta,3,19,3,14,1,11,159228,33437.88,0.03409090909090909,18
1657,20,0,Travel_Rarely,Sales,2,Universitaria,Medical,Alta,Alta,1,Sales Representative,Alta,Single,2783,1,No,19,Alta,Baja,0,2,3,2,2,2,33396,6579.012000000001,0.0967741935483871,14
1658,34,0,Travel_Rarely,Research & Development,3,Universitaria,Life Sciences,Muy_Alta,Alta,2,Research Scientist,Alta,Divorced,5433,1,No,12,Alta,Alta,1,11,2,11,7,9,65196,13299.983999999999,0.03409090909090909,18
1659,36,0,Travel_Rarely,Research & Development,7,Universitaria,Life Sciences,Baja,Alta,1,Laboratory Technician,Alta,Single,2013,2,No,11,Alta,Alta,0,15,4,4,1,3,24156,3889.116,0.0967741935483871,14
1661,49,0,Travel_Rarely,Research & Development,6,Secundaria,Life Sciences,Alta,Media,4,Healthcare Representative,Media,Married,13966,2,Yes,19,Alta,Media,1,30,3,15,2,12,167592,35194.32,0.10135135135135136,11
1662,36,0,Non-Travel,Research & Development,1,Secundaria,Medical,Muy_Alta,Media,2,Manufacturing Director,Media,Married,4374,0,No,15,Alta,Alta,0,4,6,3,1,2,52488,10707.552,0.0967741935483871,14
1664,36,0,Travel_Rarely,Research & Development,3,Master,Life Sciences,Muy_Alta,Muy_Alta,2,Healthcare Representative,Muy_Alta,Divorced,6842,6,No,20,Muy_Alta,Baja,1,13,3,5,0,4,82104,17241.84,0.03409090909090909,18
1665,54,0,Travel_Rarely,Research & Development,22,Universitaria,Medical,Media,Alta,4,Manager,Alta,Married,17426,3,No,25,Muy_Alta,Alta,1,36,6,10,4,7,209112,43913.52,0.03409090909090909,18
1666,43,0,Travel_Rarely,Research & Development,15,Secundaria,Life Sciences,Alta,Media,4,Research Director,Media,Married,17603,1,No,24,Muy_Alta,Baja,1,14,3,14,6,11,211236,44359.56,0.03409090909090909,18
1667,35,1,Travel_Frequently,Sales,12,Universitaria,Other,Muy_Alta,Alta,2,Sales Executive,Alta,Single,4581,3,Yes,24,Muy_Alta,Baja,0,13,2,11,6,7,54972,11214.287999999999,0.32,10
1668,38,0,Travel_Frequently,Research & Development,1,Universitaria,Life Sciences,Muy_Alta,Alta,2,Research Scientist,Alta,Married,4735,7,No,15,Alta,Muy_Alta,2,19,4,13,2,9,56820,11591.279999999999,0.03409090909090909,18
1669,29,0,Travel_Rarely,Sales,5,Secundaria,Medical,Baja,Media,2,Sales Executive,Media,Divorced,4187,1,Yes,13,Alta,Media,1,10,3,10,0,9,50244,10249.776,0.10135135135135136,11
1670,33,0,Travel_Rarely,Sales,2,Universitaria,Medical,Muy_Alta,Alta,2,Sales Executive,Alta,Divorced,5505,1,No,14,Alta,Alta,2,6,5,6,0,4,66060,13476.24,0.0948905109489051,17
1671,32,0,Travel_Rarely,Research & Development,2,Universitaria,Medical,Muy_Alta,Alta,2,Research Scientist,Alta,Divorced,5470,0,No,13,Alta,Alta,2,10,4,9,1,6,65640,13390.56,0.03409090909090909,18
1673,31,0,Travel_Rarely,Sales,5,Universitaria,Life Sciences,Baja,Alta,2,Sales Executive,Alta,Married,5476,1,No,11,Alta,Baja,2,10,2,10,0,2,65712,13405.248,0.0948905109489051,17
1674,49,0,Travel_Rarely,Research & Development,16,Universitaria,Medical,Muy_Alta,Alta,1,Laboratory Technician,Alta,Divorced,2587,4,Yes,16,Alta,Media,1,17,2,2,2,2,31044,6115.668000000001,0.10135135135135136,11
1675,38,0,Travel_Frequently,Research & Development,2,Secundaria,Medical,Muy_Alta,Media,1,Laboratory Technician,Media,Single,2440,1,No,22,Muy_Alta,Media,0,4,3,4,3,3,29280,4714.08,0.0967741935483871,14
1676,47,0,Travel_Rarely,Sales,2,Master,Life Sciences,Media,Muy_Alta,4,Manager,Muy_Alta,Divorced,15972,6,No,14,Alta,Alta,3,29,2,3,1,2,191664,40249.439999999995,0.0948905109489051,17
1677,49,0,Travel_Rarely,Research & Development,1,Universitaria,Life Sciences,Alta,Alta,4,Manager,Alta,Single,15379,4,No,14,Alta,Baja,0,23,2,8,0,0,184548,38755.08,0.0967741935483871,14
1678,41,0,Travel_Rarely,Sales,23,Universitaria,Life Sciences,Muy_Alta,Alta,3,Sales Executive,Alta,Single,7082,3,Yes,16,Alta,Muy_Alta,0,21,2,2,0,2,84984,17846.64,0.32,10
1680,20,0,Travel_Rarely,Sales,9,Universitaria,Life Sciences,Muy_Alta,Alta,1,Sales Representative,Alta,Single,2728,1,No,11,Alta,Baja,0,2,3,2,0,2,32736,6448.992,0.0967741935483871,14
1681,33,0,Non-Travel,Sales,16,Universitaria,Life Sciences,Alta,Alta,2,Sales Executive,Alta,Divorced,5368,1,Yes,25,Muy_Alta,Alta,1,7,2,6,1,2,64416,13140.864,0.10135135135135136,11
1682,36,0,Travel_Rarely,Research & Development,26,Universitaria,Life Sciences,Baja,Alta,2,Healthcare Representative,Alta,Married,5347,6,No,14,Alta,Media,2,10,2,3,0,2,64164,13089.455999999998,0.03409090909090909,18
1683,44,0,Travel_Rarely,Human Resources,1,Universitaria,Life Sciences,Alta,Alta,1,Human Resources,Alta,Divorced,3195,4,Yes,18,Alta,Baja,3,8,2,2,2,2,38340,7552.9800000000005,0.10135135135135136,11
1684,23,1,Travel_Rarely,Research & Development,8,Secundaria,Medical,Muy_Alta,Media,1,Laboratory Technician,Media,Single,3989,1,Yes,11,Alta,Baja,0,5,2,5,1,2,47868,9429.996000000001,0.32,10
1687,38,0,Travel_Rarely,Research & Development,4,Universitaria,Medical,Muy_Alta,Alta,1,Laboratory Technician,Alta,Married,3306,7,No,19,Alta,Muy_Alta,1,7,5,0,0,0,39672,7815.384,0.03409090909090909,18
1689,53,0,Travel_Rarely,Research & Development,24,Master,Medical,Media,Muy_Alta,3,Healthcare Representative,Muy_Alta,Married,7005,3,No,15,Alta,Alta,0,11,2,4,1,2,84060,17652.6,0.0967741935483871,14
1691,48,1,Travel_Frequently,Sales,7,Universitaria,Medical,Muy_Alta,Alta,1,Sales Representative,Alta,Married,2655,2,Yes,11,Alta,Alta,2,19,3,9,7,7,31860,6276.42,0.10135135135135136,11
1692,32,1,Travel_Rarely,Research & Development,2,Universitaria,Life Sciences,Muy_Alta,Alta,1,Laboratory Technician,Alta,Single,1393,1,No,12,Alta,Baja,0,1,2,1,0,0,16716,2691.2760000000003,0.9,4
1693,26,0,Non-Travel,Research & Development,7,Universitaria,Medical,Muy_Alta,Alta,1,Laboratory Technician,Alta,Single,2570,1,No,20,Muy_Alta,Alta,0,7,5,7,5,7,30840,6075.4800000000005,0.0967741935483871,14
1694,55,0,Travel_Rarely,Research & Development,22,Secundaria,Technical Degree,Baja,Media,1,Research Scientist,Media,Divorced,3537,5,No,12,Alta,Muy_Alta,1,8,1,4,1,2,42444,8361.468,0.03409090909090909,18
1696,34,0,Travel_Rarely,Research & Development,5,Secundaria,Medical,Media,Media,2,Laboratory Technician,Media,Married,3986,1,No,14,Alta,Alta,1,15,3,15,4,13,47832,9422.904,0.03409090909090909,18
1697,60,0,Travel_Rarely,Research & Development,1,Primaria,Medical,Alta,Baja,3,Healthcare Representative,Baja,Divorced,10883,3,No,20,Muy_Alta,Alta,1,19,2,1,0,0,130596,27425.16,0.03409090909090909,18
1698,33,0,Travel_Rarely,Research & Development,21,Master,Medical,Media,Muy_Alta,1,Laboratory Technician,Muy_Alta,Married,2028,1,No,18,Alta,Muy_Alta,3,14,6,14,2,13,24336,3918.096,0.03409090909090909,18
1700,37,0,Travel_Frequently,Sales,1,Primaria,Medical,Alta,Baja,2,Sales Executive,Baja,Divorced,9525,1,No,14,Alta,Alta,2,6,2,6,1,3,114300,24003.0,0.0948905109489051,17
1701,34,0,Travel_Rarely,Research & Development,19,Secundaria,Life Sciences,Media,Media,1,Research Scientist,Media,Married,2929,1,No,12,Alta,Media,0,10,3,10,8,7,35148,6924.156,0.0967741935483871,14
1702,23,1,Travel_Rarely,Sales,7,Universitaria,Life Sciences,Alta,Alta,1,Sales Representative,Alta,Divorced,2275,1,Yes,21,Muy_Alta,Media,1,3,2,3,0,2,27300,4395.3,0.6285714285714286,8
1703,44,0,Travel_Rarely,Research & Development,2,Master,Life Sciences,Alta,Muy_Alta,3,Healthcare Representative,Muy_Alta,Married,7879,1,Yes,19,Alta,Media,1,9,2,8,6,7,94548,19855.079999999998,0.10135135135135136,11
1704,35,0,Travel_Frequently,Research & Development,2,Secundaria,Medical,Baja,Media,1,Research Scientist,Media,Single,4930,0,Yes,14,Alta,Alta,0,6,2,5,1,4,59160,12068.64,0.32,10
1706,43,0,Travel_Rarely,Sales,2,Universitaria,Medical,Muy_Alta,Alta,2,Sales Executive,Alta,Married,7847,1,Yes,17,Alta,Baja,1,10,3,10,8,8,94164,19774.44,0.10135135135135136,11
1707,24,0,Travel_Rarely,Research & Development,9,Master,Medical,Alta,Muy_Alta,1,Research Scientist,Muy_Alta,Married,4401,1,No,16,Alta,Muy_Alta,1,5,1,5,0,4,52812,10773.648,0.03409090909090909,18
1708,41,0,Travel_Rarely,Sales,6,Universitaria,Marketing,Muy_Alta,Alta,3,Sales Executive,Alta,Single,9241,1,No,12,Alta,Media,0,10,3,10,8,7,110892,23287.32,0.0967741935483871,14
1709,29,0,Travel_Rarely,Research & Development,9,Universitaria,Medical,Muy_Alta,Alta,1,Laboratory Technician,Alta,Married,2974,9,No,17,Alta,Alta,1,9,2,5,1,2,35688,7030.536,0.03409090909090909,18
1710,36,0,Travel_Rarely,Sales,2,Universitaria,Life Sciences,Alta,Alta,2,Sales Representative,Alta,Single,4502,3,No,15,Alta,Alta,0,17,2,13,6,7,54024,11020.895999999999,0.0967741935483871,14
1712,45,0,Non-Travel,Research & Development,1,Secundaria,Life Sciences,Alta,Media,3,Healthcare Representative,Media,Married,10748,3,No,23,Muy_Alta,Muy_Alta,1,25,3,23,14,4,128976,27084.96,0.03409090909090909,18
1714,24,1,Travel_Rarely,Human Resources,22,Primaria,Human Resources,Muy_Alta,Baja,1,Human Resources,Baja,Married,1555,1,No,11,Alta,Alta,1,1,2,1,0,0,18660,3004.26,0.6,3
1716,47,1,Travel_Frequently,Sales,9,Primaria,Life Sciences,Alta,Baja,4,Sales Executive,Baja,Married,12936,7,No,11,Alta,Alta,0,25,3,23,14,10,155232,32598.719999999998,0.2647058823529412,15
1718,26,0,Travel_Rarely,Research & Development,17,Primaria,Medical,Muy_Alta,Baja,1,Laboratory Technician,Baja,Married,2305,1,No,15,Alta,Alta,3,3,3,3,0,2,27660,4453.26,0.03409090909090909,18
1719,45,0,Travel_Rarely,Research & Development,28,Secundaria,Technical Degree,Muy_Alta,Media,4,Research Director,Media,Single,16704,1,No,11,Alta,Alta,0,21,2,21,8,6,200448,42094.08,0.0967741935483871,14
1720,32,0,Travel_Frequently,Research & Development,10,Universitaria,Life Sciences,Baja,Alta,1,Research Scientist,Alta,Married,3433,6,No,13,Alta,Baja,1,10,3,5,1,3,41196,8115.612,0.03409090909090909,18
1721,31,0,Travel_Rarely,Research & Development,2,Universitaria,Life Sciences,Media,Alta,1,Laboratory Technician,Alta,Married,3477,1,No,14,Alta,Muy_Alta,1,6,2,5,0,3,41724,8219.628,0.03409090909090909,18
1722,41,0,Non-Travel,Human Resources,4,Primaria,Human Resources,Alta,Baja,2,Human Resources,Baja,Married,6430,6,No,19,Alta,Media,1,10,4,3,1,2,77160,16203.599999999999,0.0948905109489051,17
1724,40,0,Travel_Rarely,Research & Development,8,Universitaria,Life Sciences,Media,Alta,2,Manufacturing Director,Alta,Married,6516,2,Yes,16,Alta,Media,1,18,3,1,0,0,78192,16420.32,0.10135135135135136,11
1725,24,0,Travel_Rarely,Research & Development,29,Universitaria,Medical,Media,Alta,1,Laboratory Technician,Alta,Divorced,3907,1,No,13,Alta,Media,3,6,2,6,1,2,46884,9236.148000000001,0.03409090909090909,18
1727,46,0,Travel_Rarely,Research & Development,13,Universitaria,Life Sciences,Alta,Alta,2,Healthcare Representative,Alta,Single,5562,6,No,14,Alta,Muy_Alta,0,19,3,10,0,9,66744,13615.776,0.2647058823529412,15
1728,35,0,Travel_Rarely,Research & Development,27,Universitaria,Life Sciences,Muy_Alta,Alta,2,Manufacturing Director,Alta,Married,6883,2,No,16,Alta,Media,1,17,3,7,0,7,82596,17345.16,0.03409090909090909,18
1729,30,0,Travel_Rarely,Research & Development,16,Universitaria,Life Sciences,Media,Alta,1,Research Scientist,Alta,Married,2862,1,No,12,Alta,Media,1,10,2,10,0,8,34344,6765.768,0.03409090909090909,18
1731,47,0,Non-Travel,Sales,2,Universitaria,Marketing,Alta,Alta,2,Sales Executive,Alta,Married,4978,7,No,11,Alta,Muy_Alta,1,4,3,1,0,0,59736,12186.143999999998,0.0948905109489051,17
1732,46,0,Travel_Rarely,Sales,2,Universitaria,Life Sciences,Alta,Alta,3,Sales Executive,Alta,Divorced,10368,4,Yes,12,Alta,Media,1,13,5,10,0,3,124416,26127.36,0.10135135135135136,11
1733,36,1,Travel_Rarely,Sales,13,Secundaria,Marketing,Media,Media,2,Sales Executive,Media,Divorced,6134,5,Yes,13,Alta,Media,3,16,3,2,2,2,73608,15016.032,0.10135135135135136,11
1734,32,1,Travel_Rarely,Sales,1,Primaria,Life Sciences,Baja,Baja,2,Sales Executive,Baja,Single,6735,6,No,15,Alta,Media,0,10,2,0,0,0,80820,16972.2,0.2647058823529412,15
1735,23,0,Travel_Rarely,Research & Development,4,Universitaria,Medical,Alta,Alta,1,Laboratory Technician,Alta,Single,3295,1,No,13,Alta,Alta,0,3,3,3,1,2,39540,7789.38,0.0967741935483871,14
1736,31,0,Travel_Frequently,Research & Development,24,Universitaria,Technical Degree,Muy_Alta,Alta,2,Manufacturing Director,Alta,Single,5238,2,No,20,Muy_Alta,Muy_Alta,0,9,3,5,1,4,62856,12822.624,0.0967741935483871,14
1737,39,0,Non-Travel,Research & Development,1,Universitaria,Life Sciences,Muy_Alta,Alta,2,Laboratory Technician,Alta,Married,6472,1,Yes,15,Alta,Muy_Alta,1,9,2,9,5,8,77664,16309.439999999999,0.10135135135135136,11
1739,32,0,Travel_Rarely,Sales,19,Primaria,Life Sciences,Muy_Alta,Baja,3,Sales Executive,Baja,Married,9610,3,No,13,Alta,Alta,1,10,2,4,0,2,115320,24217.2,0.0948905109489051,17
1740,40,0,Travel_Rarely,Sales,7,Universitaria,Medical,Media,Alta,5,Manager,Alta,Single,19833,1,No,14,Alta,Media,0,21,3,21,12,8,237996,49979.159999999996,0.0967741935483871,14
1744,45,0,Travel_Rarely,Human Resources,4,Primaria,Life Sciences,Alta,Baja,3,Human Resources,Baja,Married,9756,4,No,21,Muy_Alta,Alta,2,9,2,5,0,3,117072,24585.12,0.0948905109489051,17
1745,30,0,Travel_Frequently,Research & Development,2,Secundaria,Technical Degree,Muy_Alta,Media,1,Research Scientist,Media,Single,4968,0,No,16,Alta,Muy_Alta,0,10,2,9,0,7,59616,12161.663999999999,0.0967741935483871,14
1746,24,0,Travel_Frequently,Human Resources,10,Universitaria,Medical,Baja,Alta,1,Human Resources,Alta,Married,2145,0,No,14,Alta,Muy_Alta,1,3,2,2,2,1,25740,4144.14,0.0948905109489051,17
1747,30,1,Travel_Frequently,Human Resources,8,Secundaria,Human Resources,Alta,Media,1,Human Resources,Media,Divorced,2180,6,No,11,Alta,Alta,1,6,0,4,1,2,26160,4211.76,0.0948905109489051,17
1749,31,0,Travel_Rarely,Sales,5,Universitaria,Technical Degree,Baja,Alta,2,Sales Executive,Alta,Married,8346,1,No,19,Alta,Alta,1,6,3,5,0,2,100152,21031.92,0.0948905109489051,17
1751,27,0,Travel_Rarely,Research & Development,8,Universitaria,Medical,Alta,Alta,1,Research Scientist,Alta,Single,3445,1,No,11,Alta,Alta,0,6,5,6,1,4,41340,8143.9800000000005,0.0967741935483871,14
1752,29,1,Travel_Rarely,Sales,9,Primaria,Marketing,Media,Baja,1,Sales Representative,Baja,Single,2760,1,No,13,Alta,Alta,0,2,3,2,2,2,33120,6524.64,0.0967741935483871,14
1753,29,0,Travel_Frequently,Research & Development,1,Master,Life Sciences,Muy_Alta,Muy_Alta,2,Healthcare Representative,Muy_Alta,Single,6294,8,Yes,12,Alta,Muy_Alta,0,10,5,3,0,2,75528,15860.88,0.32,10
1754,30,0,Travel_Rarely,Sales,15,Secundaria,Marketing,Alta,Media,3,Sales Executive,Media,Divorced,7140,2,No,11,Alta,Baja,1,12,2,7,1,7,85680,17992.8,0.0948905109489051,17
1755,34,0,Travel_Rarely,Research & Development,2,Master,Medical,Muy_Alta,Muy_Alta,1,Research Scientist,Muy_Alta,Married,2932,0,Yes,14,Alta,Baja,3,6,3,5,1,2,35184,6931.2480000000005,0.10135135135135136,11
1756,33,0,Non-Travel,Sales,2,Universitaria,Marketing,Muy_Alta,Alta,2,Sales Executive,Alta,Single,5147,8,No,15,Alta,Muy_Alta,0,13,2,11,1,7,61764,12599.856,0.2647058823529412,15
1757,49,0,Travel_Rarely,Sales,11,Universitaria,Marketing,Muy_Alta,Alta,2,Sales Executive,Alta,Single,4507,3,No,12,Alta,Alta,0,8,1,5,0,4,54084,11033.135999999999,0.0967741935483871,14
1758,33,1,Travel_Rarely,Sales,16,Universitaria,Life Sciences,Baja,Alta,3,Sales Executive,Alta,Single,8564,2,Yes,20,Muy_Alta,Alta,0,11,2,0,0,0,102768,21581.28,0.32,10
1760,38,0,Travel_Frequently,Research & Development,2,Secundaria,Medical,Alta,Media,1,Laboratory Technician,Media,Married,2468,4,No,14,Alta,Media,1,9,4,6,0,5,29616,4768.176,0.03409090909090909,18
1761,31,1,Travel_Rarely,Sales,16,Universitaria,Marketing,Baja,Alta,3,Sales Executive,Alta,Married,8161,2,No,13,Alta,Baja,3,10,2,1,0,0,97932,20565.719999999998,0.0948905109489051,17
1762,29,0,Travel_Rarely,Research & Development,4,Secundaria,Technical Degree,Muy_Alta,Media,1,Research Scientist,Media,Divorced,2109,1,No,13,Alta,Alta,1,1,2,1,0,0,25308,4074.588,0.3,5
1763,30,0,Travel_Rarely,Research & Development,16,Master,Life Sciences,Alta,Muy_Alta,2,Healthcare Representative,Muy_Alta,Married,5294,3,No,16,Alta,Alta,1,10,3,7,1,7,63528,12959.712,0.03409090909090909,18
1764,32,0,Non-Travel,Research & Development,5,Universitaria,Technical Degree,Media,Alta,1,Research Scientist,Alta,Single,2718,2,No,14,Alta,Media,0,12,3,7,0,7,32616,6425.352,0.0967741935483871,14
1766,38,0,Travel_Rarely,Research & Development,18,Primaria,Medical,Media,Baja,2,Healthcare Representative,Alta,Married,5811,3,Yes,16,Alta,Alta,1,15,2,1,1,0,69732,14225.328,0.10135135135135136,11
1767,43,1,Travel_Frequently,Research & Development,17,Universitaria,Technical Degree,Alta,Media,1,Research Scientist,Media,Married,2437,9,Yes,16,Alta,Muy_Alta,1,6,4,1,0,0,29244,4708.284000000001,0.6285714285714286,8
1768,42,0,Travel_Rarely,Research & Development,12,Universitaria,Medical,Media,Alta,1,Laboratory Technician,Alta,Divorced,2766,8,No,22,Muy_Alta,Media,3,7,6,5,0,4,33192,6538.8240000000005,0.03409090909090909,18
1770,55,0,Travel_Rarely,Research & Development,2,Secundaria,Medical,Alta,Media,5,Research Director,Media,Married,19038,8,No,12,Alta,Media,3,34,2,1,0,0,228456,47975.759999999995,0.03409090909090909,18
1771,33,0,Non-Travel,Research & Development,4,Universitaria,Technical Degree,Muy_Alta,Alta,2,Research Scientist,Alta,Divorced,3055,5,No,15,Alta,Muy_Alta,2,11,2,9,1,7,36660,7222.02,0.03409090909090909,18
1772,41,0,Travel_Rarely,Research & Development,9,Universitaria,Life Sciences,Alta,Alta,1,Laboratory Technician,Alta,Divorced,2289,1,No,20,Muy_Alta,Media,2,5,2,5,0,4,27468,4422.348,0.03409090909090909,18
1774,34,0,Non-Travel,Sales,10,Universitaria,Life Sciences,Muy_Alta,Alta,2,Sales Executive,Alta,Divorced,4001,1,Yes,14,Alta,Alta,1,15,3,15,0,7,48012,9458.364,0.10135135135135136,11
1775,53,0,Non-Travel,Research & Development,1,Secundaria,Medical,Baja,Media,4,Manufacturing Director,Media,Married,12965,4,Yes,20,Muy_Alta,Muy_Alta,3,27,2,3,0,2,155580,32671.8,0.10135135135135136,11
1778,43,0,Travel_Rarely,Human Resources,2,Universitaria,Life Sciences,Media,Alta,1,Human Resources,Alta,Single,3539,0,No,13,Alta,Media,0,10,5,9,1,8,42468,8366.196,0.0967741935483871,14
1779,34,0,Travel_Rarely,Sales,3,Primaria,Life Sciences,Muy_Alta,Baja,2,Sales Executive,Baja,Single,6029,5,No,12,Alta,Baja,0,6,3,2,2,2,72348,14758.991999999998,0.2647058823529412,15
1780,21,1,Travel_Rarely,Sales,7,Universitaria,Marketing,Media,Alta,1,Sales Representative,Alta,Single,2679,1,No,13,Alta,Media,0,1,3,1,1,0,32148,6333.156,0.9,4
1782,38,0,Travel_Rarely,Research & Development,6,Secundaria,Other,Muy_Alta,Media,1,Laboratory Technician,Media,Married,3702,1,No,11,Alta,Media,1,5,3,5,0,4,44424,8751.528,0.03409090909090909,18
1783,22,1,Travel_Rarely,Research & Development,8,Universitaria,Medical,Alta,Alta,1,Laboratory Technician,Alta,Married,2398,1,Yes,17,Alta,Alta,0,1,6,1,0,0,28776,4632.936,0.6,3
1784,31,0,Travel_Rarely,Sales,29,Secundaria,Marketing,Baja,Media,2,Sales Executive,Media,Married,5468,1,No,14,Alta,Baja,2,13,3,12,5,7,65616,13385.663999999999,0.0948905109489051,17
1786,51,0,Travel_Rarely,Research & Development,3,Universitaria,Technical Degree,Baja,Alta,3,Manager,Alta,Married,13116,2,No,11,Alta,Muy_Alta,0,15,2,2,2,2,157392,33052.32,0.0967741935483871,14
1787,37,0,Travel_Rarely,Sales,9,Secundaria,Marketing,Media,Media,2,Sales Executive,Media,Married,4189,1,No,14,Alta,Baja,2,5,2,5,0,3,50268,10254.671999999999,0.0948905109489051,17
1789,46,0,Travel_Rarely,Research & Development,2,Universitaria,Medical,Alta,Alta,5,Research Director,Alta,Divorced,19328,7,Yes,17,Alta,Alta,1,24,3,2,2,2,231936,48706.56,0.10135135135135136,11
1790,36,0,Travel_Rarely,Research & Development,10,Universitaria,Life Sciences,Muy_Alta,Alta,3,Healthcare Representative,Alta,Married,8321,7,Yes,13,Alta,Muy_Alta,1,15,1,12,5,7,99852,20968.92,0.10135135135135136,11
1792,44,1,Travel_Frequently,Research & Development,1,Universitaria,Medical,Alta,Alta,1,Research Scientist,Alta,Divorced,2342,1,Yes,12,Alta,Alta,3,6,2,5,2,3,28104,4524.744,0.6285714285714286,8
1794,37,0,Travel_Rarely,Human Resources,8,Universitaria,Other,Alta,Alta,2,Human Resources,Alta,Divorced,4071,2,No,13,Alta,Alta,0,19,4,10,4,7,48852,9623.844000000001,0.0967741935483871,14
1797,35,1,Travel_Rarely,Sales,27,Universitaria,Life Sciences,Alta,Alta,2,Sales Executive,Alta,Single,5813,1,Yes,18,Alta,Muy_Alta,0,10,2,10,7,7,69756,14230.223999999998,0.32,10
1798,33,0,Travel_Rarely,Research & Development,8,Master,Life Sciences,Muy_Alta,Muy_Alta,1,Research Scientist,Muy_Alta,Married,3143,6,No,19,Alta,Media,1,14,1,10,7,6,37716,7430.052000000001,0.03409090909090909,18
1799,28,0,Travel_Rarely,Research & Development,1,Universitaria,Life Sciences,Alta,Alta,1,Research Scientist,Alta,Married,2044,1,No,11,Alta,Alta,1,5,6,5,0,3,24528,3949.0080000000003,0.03409090909090909,18
1800,39,0,Travel_Rarely,Research & Development,10,Universitaria,Medical,Alta,Alta,3,Research Director,Alta,Single,13464,7,No,21,Muy_Alta,Alta,0,9,3,4,2,2,161568,33929.28,0.2647058823529412,15
1801,46,0,Non-Travel,Sales,26,Secundaria,Life Sciences,Media,Media,2,Sales Executive,Media,Single,7991,8,No,15,Alta,Alta,0,6,3,2,2,2,95892,20137.32,0.2647058823529412,15
1802,40,0,Travel_Rarely,Research & Development,2,Universitaria,Life Sciences,Alta,Alta,1,Laboratory Technician,Alta,Married,3377,4,No,17,Alta,Muy_Alta,1,7,5,4,0,2,40524,7983.228,0.03409090909090909,18
1803,42,0,Travel_Rarely,Research & Development,13,Master,Medical,Media,Muy_Alta,2,Healthcare Representative,Muy_Alta,Married,5538,5,No,18,Alta,Alta,2,10,2,0,0,0,66456,13557.024,0.03409090909090909,18
1804,35,0,Non-Travel,Research & Development,2,Universitaria,Medical,Media,Alta,2,Manufacturing Director,Alta,Divorced,5762,2,No,14,Alta,Alta,1,15,6,7,1,7,69144,14105.375999999998,0.03409090909090909,18
1805,38,0,Non-Travel,Human Resources,2,Universitaria,Human Resources,Baja,Alta,1,Human Resources,Alta,Divorced,2592,5,No,13,Alta,Muy_Alta,3,13,3,11,3,8,31104,6127.488,0.0948905109489051,17
1807,34,1,Travel_Frequently,Research & Development,9,Universitaria,Life Sciences,Muy_Alta,Alta,2,Laboratory Technician,Alta,Married,5346,4,No,17,Alta,Alta,1,11,3,7,0,7,64152,13087.008,0.03409090909090909,18
1809,37,1,Travel_Rarely,Research & Development,10,Universitaria,Medical,Muy_Alta,Alta,2,Manufacturing Director,Alta,Single,4213,1,No,15,Alta,Media,0,10,4,10,0,8,50556,10313.423999999999,0.0967741935483871,14
1812,39,0,Travel_Frequently,Sales,20,Universitaria,Life Sciences,Alta,Alta,2,Sales Executive,Alta,Divorced,4127,2,No,18,Alta,Muy_Alta,1,7,6,2,2,2,49524,9756.228000000001,0.0948905109489051,17
1813,43,0,Non-Travel,Research & Development,9,Universitaria,Life Sciences,Baja,Alta,1,Research Scientist,Alta,Single,2438,4,No,13,Alta,Alta,0,7,2,3,1,2,29256,4710.216,0.0967741935483871,14
1814,41,0,Travel_Rarely,Research & Development,5,Master,Life Sciences,Media,Muy_Alta,2,Healthcare Representative,Muy_Alta,Single,6870,3,No,12,Alta,Baja,0,11,3,3,1,2,82440,17312.399999999998,0.0967741935483871,14
1815,41,0,Travel_Rarely,Sales,4,Universitaria,Marketing,Alta,Alta,3,Sales Executive,Alta,Divorced,10447,0,Yes,13,Alta,Muy_Alta,1,23,3,22,13,5,125364,26326.44,0.10135135135135136,11
1816,30,0,Travel_Rarely,Research & Development,10,Universitaria,Medical,Baja,Alta,3,Manufacturing Director,Alta,Single,9667,9,No,14,Alta,Media,0,9,3,7,0,2,116004,24360.84,0.2647058823529412,15
1818,26,1,Travel_Rarely,Human Resources,20,Universitaria,Medical,Muy_Alta,Alta,1,Human Resources,Alta,Married,2148,0,Yes,11,Alta,Alta,0,6,3,5,1,4,25776,4149.936,0.6285714285714286,8
1821,46,1,Travel_Rarely,Research & Development,21,Universitaria,Medical,Muy_Alta,Alta,2,Healthcare Representative,Alta,Married,8926,4,No,22,Muy_Alta,Muy_Alta,1,13,2,9,3,7,107112,22493.52,0.03409090909090909,18
1822,40,0,Travel_Rarely,Research & Development,1,Universitaria,Life Sciences,Alta,Alta,2,Healthcare Representative,Alta,Divorced,6513,4,No,17,Alta,Muy_Alta,1,12,3,5,0,3,78156,16412.76,0.03409090909090909,18
1823,34,0,Travel_Rarely,Sales,8,Master,Technical Degree,Media,Muy_Alta,2,Sales Executive,Muy_Alta,Married,6799,1,No,21,Muy_Alta,Alta,2,10,5,10,4,8,81588,17133.48,0.0948905109489051,17
1824,58,0,Non-Travel,Sales,2,Universitaria,Medical,Media,Alta,4,Manager,Alta,Divorced,16291,4,No,22,Muy_Alta,Muy_Alta,1,37,0,16,14,14,195492,41053.32,0.0948905109489051,17
1826,35,0,Travel_Rarely,Research & Development,23,Primaria,Medical,Media,Baja,1,Laboratory Technician,Baja,Married,2705,0,No,16,Alta,Media,1,6,2,5,0,3,32460,6394.62,0.03409090909090909,18
1827,47,0,Travel_Rarely,Research & Development,4,Secundaria,Life Sciences,Alta,Media,3,Manufacturing Director,Media,Divorced,10333,8,Yes,12,Alta,Alta,1,28,4,22,14,10,123996,26039.16,0.10135135135135136,11
1829,40,0,Travel_Rarely,Research & Development,12,Universitaria,Life Sciences,Media,Alta,2,Healthcare Representative,Alta,Divorced,4448,2,No,12,Alta,Media,1,15,3,7,7,7,53376,10888.704,0.03409090909090909,18
1830,54,0,Travel_Rarely,Research & Development,7,Universitaria,Medical,Muy_Alta,Alta,2,Research Scientist,Alta,Married,6854,4,No,15,Alta,Media,1,14,2,7,1,7,82248,17272.079999999998,0.03409090909090909,18
1833,31,0,Travel_Frequently,Sales,7,Universitaria,Marketing,Baja,Alta,3,Sales Executive,Alta,Married,9637,2,No,14,Alta,Muy_Alta,2,9,3,3,2,2,115644,24285.239999999998,0.0948905109489051,17
1834,28,0,Travel_Rarely,Research & Development,1,Universitaria,Medical,Alta,Alta,1,Research Scientist,Alta,Married,3591,1,No,25,Muy_Alta,Alta,1,3,3,3,1,2,43092,8489.124,0.03409090909090909,18
1835,38,0,Travel_Rarely,Sales,2,Primaria,Marketing,Media,Baja,2,Sales Representative,Baja,Married,5405,2,Yes,20,Muy_Alta,Baja,2,20,4,4,0,3,64860,13231.439999999999,0.10135135135135136,11
1836,26,0,Travel_Rarely,Sales,10,Universitaria,Medical,Alta,Alta,2,Sales Executive,Alta,Single,4684,1,No,13,Alta,Baja,0,5,4,5,1,2,56208,11466.431999999999,0.0967741935483871,14
1837,58,0,Travel_Frequently,Research & Development,15,Universitaria,Life Sciences,Baja,Alta,4,Research Director,Alta,Married,15787,2,Yes,14,Alta,Media,0,23,3,2,2,2,189444,39783.24,0.32,10
1839,18,0,Non-Travel,Research & Development,14,Universitaria,Medical,Media,Alta,1,Research Scientist,Alta,Single,1514,1,No,16,Alta,Alta,0,0,4,0,0,0,18168,2925.0480000000002,0.3,5
1842,31,1,Travel_Rarely,Human Resources,18,Master,Human Resources,Muy_Alta,Muy_Alta,1,Human Resources,Muy_Alta,Married,2956,0,No,17,Alta,Alta,0,2,4,1,0,0,35472,6987.984,0.0967741935483871,14
1844,29,1,Travel_Rarely,Human Resources,13,Secundaria,Human Resources,Baja,Media,1,Human Resources,Media,Divorced,2335,4,Yes,15,Alta,Muy_Alta,3,4,3,2,2,0,28020,4511.22,0.6285714285714286,8
1845,45,0,Non-Travel,Sales,2,Universitaria,Life Sciences,Alta,Alta,2,Sales Executive,Alta,Married,5154,4,No,22,Muy_Alta,Media,2,10,3,8,5,7,61848,12616.991999999998,0.0948905109489051,17
1847,36,0,Travel_Rarely,Research & Development,2,Universitaria,Other,Muy_Alta,Alta,2,Research Scientist,Alta,Married,6962,4,Yes,22,Muy_Alta,Muy_Alta,1,15,2,1,0,0,83544,17544.239999999998,0.10135135135135136,11
1849,43,0,Travel_Frequently,Sales,2,Universitaria,Life Sciences,Baja,Alta,2,Sales Executive,Alta,Married,5675,1,No,20,Muy_Alta,Alta,1,7,5,7,7,7,68100,13892.4,0.0948905109489051,17
1850,27,0,Travel_Frequently,Research & Development,5,Universitaria,Life Sciences,Muy_Alta,Alta,1,Laboratory Technician,Alta,Single,2379,0,Yes,14,Alta,Alta,0,6,3,5,0,2,28548,4596.228,0.6285714285714286,8
1852,29,0,Travel_Frequently,Research & Development,20,Universitaria,Medical,Muy_Alta,Alta,1,Laboratory Technician,Alta,Married,3812,1,No,13,Alta,Media,0,11,3,11,3,10,45744,9011.568000000001,0.0967741935483871,14
1853,32,0,Travel_Frequently,Sales,10,Universitaria,Marketing,Muy_Alta,Alta,2,Sales Executive,Alta,Single,4648,8,No,13,Alta,Alta,0,4,2,0,0,0,55776,11378.304,0.2647058823529412,15
1854,42,0,Non-Travel,Research & Development,10,Universitaria,Technical Degree,Alta,Alta,1,Research Scientist,Alta,Married,2936,3,No,22,Muy_Alta,Media,2,10,1,6,3,3,35232,6940.704000000001,0.03409090909090909,18
1856,47,0,Travel_Rarely,Research & Development,9,Universitaria,Life Sciences,Media,Alta,1,Laboratory Technician,Alta,Single,2105,4,No,12,Alta,Alta,0,7,2,2,2,0,25260,4066.86,0.0967741935483871,14
1857,46,0,Travel_Rarely,Research & Development,2,Universitaria,Life Sciences,Muy_Alta,Alta,3,Manufacturing Director,Alta,Divorced,8578,3,No,14,Alta,Alta,1,12,4,9,4,7,102936,21616.559999999998,0.03409090909090909,18
1858,28,0,Non-Travel,Human Resources,1,Universitaria,Life Sciences,Alta,Alta,1,Human Resources,Alta,Divorced,2706,1,No,15,Alta,Media,1,3,2,3,2,2,32472,6396.984,0.0948905109489051,17
1859,29,0,Travel_Rarely,Research & Development,29,Primaria,Life Sciences,Muy_Alta,Baja,2,Healthcare Representative,Baja,Divorced,6384,8,No,17,Alta,Muy_Alta,2,11,3,7,1,6,76608,16087.68,0.03409090909090909,18
1860,42,0,Travel_Rarely,Research & Development,8,Universitaria,Life Sciences,Muy_Alta,Alta,1,Laboratory Technician,Alta,Single,3968,4,No,13,Alta,Muy_Alta,0,8,3,0,0,0,47616,9380.352,0.0967741935483871,14
1862,32,1,Travel_Rarely,Sales,2,Secundaria,Marketing,Alta,Media,2,Sales Executive,Media,Single,9907,7,Yes,12,Alta,Alta,0,7,3,2,2,2,118884,24965.64,0.32,10
1863,46,0,Travel_Rarely,Sales,3,Master,Technical Degree,Baja,Muy_Alta,4,Sales Executive,Muy_Alta,Divorced,13225,2,No,12,Alta,Muy_Alta,1,25,5,19,2,8,158700,33327.0,0.0948905109489051,17
1864,27,0,Travel_Rarely,Sales,23,Universitaria,Medical,Media,Media,2,Sales Representative,Media,Married,3540,1,No,21,Muy_Alta,Muy_Alta,1,9,5,9,5,8,42480,8368.56,0.0948905109489051,17
1865,29,0,Travel_Rarely,Human Resources,6,Secundaria,Medical,Muy_Alta,Media,1,Human Resources,Media,Married,2804,1,No,11,Alta,Muy_Alta,0,1,3,1,0,0,33648,6628.656,0.6,3
1866,43,0,Travel_Rarely,Research & Development,6,Secundaria,Medical,Baja,Media,5,Manager,Media,Married,19392,7,No,13,Alta,Muy_Alta,0,21,2,16,6,14,232704,48867.84,0.2647058823529412,15
1867,48,0,Travel_Rarely,Research & Development,10,Secundaria,Life Sciences,Muy_Alta,Media,5,Research Director,Media,Married,19665,4,No,12,Alta,Muy_Alta,0,29,3,22,12,9,235980,49555.799999999996,0.0967741935483871,14
1868,29,1,Travel_Frequently,Research & Development,24,Secundaria,Life Sciences,Muy_Alta,Media,1,Research Scientist,Media,Single,2439,1,Yes,24,Muy_Alta,Media,0,1,3,1,1,0,29268,4712.148,0.3,5
1869,46,1,Travel_Rarely,Sales,10,Universitaria,Life Sciences,Alta,Alta,3,Sales Executive,Alta,Married,7314,5,No,21,Muy_Alta,Alta,3,14,2,8,0,7,87768,18431.28,0.0948905109489051,17
1870,27,0,Travel_Frequently,Research & Development,15,Secundaria,Life Sciences,Muy_Alta,Media,1,Research Scientist,Media,Married,4774,0,No,19,Alta,Muy_Alta,1,8,2,7,7,3,57288,11686.751999999999,0.03409090909090909,18
1871,39,0,Travel_Rarely,Research & Development,19,Universitaria,Other,Muy_Alta,Alta,2,Research Scientist,Alta,Divorced,3902,8,No,14,Alta,Media,3,7,2,2,2,2,46824,9224.328,0.03409090909090909,18
1873,55,0,Travel_Rarely,Research & Development,2,Secundaria,Technical Degree,Media,Media,1,Research Scientist,Media,Married,2662,8,No,20,Muy_Alta,Media,1,19,2,5,0,4,31944,6292.968,0.03409090909090909,18
1875,28,0,Travel_Rarely,Sales,3,Universitaria,Medical,Media,Alta,1,Sales Representative,Alta,Married,2856,1,No,19,Alta,Muy_Alta,1,1,3,1,0,0,34272,6751.584000000001,0.6,3
1876,30,1,Travel_Rarely,Sales,9,Universitaria,Medical,Media,Alta,1,Sales Representative,Alta,Single,1081,1,No,13,Alta,Alta,0,1,3,1,0,0,12972,2088.492,0.9,4
1878,22,1,Travel_Rarely,Research & Development,7,Universitaria,Life Sciences,Muy_Alta,Alta,1,Research Scientist,Alta,Single,2472,1,Yes,23,Muy_Alta,Baja,0,1,2,1,0,0,29664,4775.904,0.3,5
1880,36,0,Travel_Rarely,Sales,10,Secundaria,Technical Degree,Media,Media,2,Sales Executive,Media,Married,5673,1,Yes,13,Alta,Baja,1,10,4,10,1,7,68076,13887.503999999999,0.10135135135135136,11
1881,31,0,Travel_Rarely,Research & Development,20,Universitaria,Life Sciences,Media,Alta,2,Laboratory Technician,Alta,Divorced,4197,1,No,11,Alta,Baja,1,10,2,10,0,2,50364,10274.256,0.03409090909090909,18
1882,34,0,Travel_Rarely,Sales,4,Universitaria,Life Sciences,Alta,Alta,3,Sales Executive,Alta,Married,9713,2,Yes,13,Alta,Muy_Alta,3,9,3,5,1,0,116556,24476.76,0.10135135135135136,11
1883,29,0,Travel_Rarely,Research & Development,7,Universitaria,Life Sciences,Muy_Alta,Alta,1,Laboratory Technician,Alta,Single,2062,3,No,14,Alta,Media,0,11,2,3,1,2,24744,3983.784,0.0967741935483871,14
1885,37,0,Travel_Rarely,Research & Development,7,Universitaria,Medical,Muy_Alta,Alta,2,Research Scientist,Alta,Married,4284,5,Yes,22,Muy_Alta,Alta,1,16,2,5,0,4,51408,10487.232,0.10135135135135136,11
1886,35,0,Travel_Rarely,Research & Development,16,Secundaria,Other,Muy_Alta,Media,2,Manufacturing Director,Media,Married,4788,0,Yes,11,Alta,Muy_Alta,0,4,2,3,0,2,57456,11721.024,0.32,10
1888,45,0,Travel_Rarely,Research & Development,25,Secundaria,Life Sciences,Media,Media,2,Manufacturing Director,Media,Married,5906,0,No,13,Alta,Muy_Alta,2,10,2,9,3,8,70872,14457.887999999999,0.03409090909090909,18
1890,36,0,Travel_Frequently,Human Resources,2,Universitaria,Human Resources,Media,Media,2,Human Resources,Media,Single,3886,1,No,21,Muy_Alta,Muy_Alta,0,10,2,10,0,8,46632,9186.504,0.0967741935483871,14
1892,40,0,Travel_Rarely,Research & Development,1,Universitaria,Life Sciences,Baja,Alta,4,Manager,Alta,Divorced,16823,2,No,11,Alta,Baja,1,22,3,19,11,16,201876,42393.96,0.03409090909090909,18
1893,26,0,Travel_Rarely,Research & Development,1,Secundaria,Life Sciences,Media,Media,1,Research Scientist,Media,Married,2933,1,Yes,13,Alta,Alta,1,1,3,1,1,0,35196,6933.612,0.3,5
1898,27,0,Travel_Rarely,Sales,2,Master,Medical,Baja,Muy_Alta,2,Sales Executive,Alta,Single,6500,0,No,14,Alta,Media,0,9,5,8,0,7,78000,16380.0,0.0967741935483871,14
1900,48,0,Travel_Frequently,Research & Development,22,Universitaria,Medical,Muy_Alta,Alta,4,Manager,Alta,Divorced,17174,3,No,11,Alta,Media,1,24,3,22,4,7,206088,43278.479999999996,0.03409090909090909,18
1903,44,0,Travel_Rarely,Research & Development,1,Master,Life Sciences,Media,Muy_Alta,2,Healthcare Representative,Muy_Alta,Married,5033,2,No,15,Alta,Muy_Alta,1,10,5,2,2,2,60396,12320.784,0.03409090909090909,18
1905,34,1,Non-Travel,Research & Development,16,Primaria,Technical Degree,Muy_Alta,Baja,1,Research Scientist,Baja,Married,2307,1,Yes,23,Muy_Alta,Media,1,5,2,5,3,0,27684,4457.124,0.6285714285714286,8
1907,56,1,Travel_Rarely,Research & Development,24,Universitaria,Life Sciences,Baja,Alta,1,Laboratory Technician,Alta,Single,2587,1,No,16,Alta,Muy_Alta,0,5,3,4,1,0,31044,6115.668000000001,0.0967741935483871,14
1908,36,0,Travel_Rarely,Sales,17,Secundaria,Marketing,Alta,Media,2,Sales Executive,Media,Married,5507,2,No,16,Alta,Alta,2,12,1,4,1,3,66084,13481.135999999999,0.0948905109489051,17
1909,41,0,Travel_Rarely,Sales,8,Universitaria,Marketing,Alta,Alta,2,Sales Executive,Alta,Married,4393,5,No,21,Muy_Alta,Alta,1,14,3,5,1,4,52716,10754.063999999998,0.0948905109489051,17
1911,42,0,Travel_Rarely,Research & Development,6,Universitaria,Medical,Alta,Alta,3,Research Director,Alta,Married,13348,9,No,13,Alta,Media,1,18,3,13,5,7,160176,33636.96,0.03409090909090909,18
1912,31,0,Travel_Rarely,Sales,10,Universitaria,Medical,Alta,Alta,2,Sales Executive,Alta,Divorced,6583,2,Yes,11,Alta,Muy_Alta,1,8,2,5,1,4,78996,16589.16,0.10135135135135136,11
1915,34,0,Travel_Rarely,Sales,3,Secundaria,Medical,Muy_Alta,Media,2,Sales Executive,Media,Married,8103,3,Yes,12,Alta,Alta,0,9,3,4,0,1,97236,20419.559999999998,0.32,10
1916,31,0,Travel_Rarely,Research & Development,4,Master,Medical,Baja,Muy_Alta,1,Laboratory Technician,Muy_Alta,Divorced,3978,8,No,12,Alta,Media,1,4,0,2,2,2,47736,9403.992,0.03409090909090909,18
1918,26,0,Travel_Frequently,Research & Development,6,Master,Other,Alta,Muy_Alta,1,Laboratory Technician,Muy_Alta,Married,2544,0,No,18,Alta,Baja,1,8,3,7,7,7,30528,6014.0160000000005,0.03409090909090909,18
1922,45,0,Travel_Frequently,Research & Development,1,Universitaria,Medical,Media,Alta,2,Healthcare Representative,Alta,Single,5399,4,No,12,Alta,Alta,0,12,3,4,0,3,64788,13216.751999999999,0.0967741935483871,14
1924,33,0,Travel_Rarely,Sales,10,Universitaria,Marketing,Media,Alta,2,Sales Executive,Alta,Single,5487,1,No,14,Alta,Media,0,10,2,10,0,9,65844,13432.176,0.0967741935483871,14
1927,28,0,Travel_Frequently,Sales,1,Secundaria,Life Sciences,Alta,Media,2,Sales Executive,Media,Married,6834,1,Yes,12,Alta,Alta,1,7,2,7,0,7,82008,17221.68,0.10135135135135136,11
1928,29,1,Travel_Frequently,Sales,24,Universitaria,Technical Degree,Alta,Muy_Alta,1,Sales Representative,Muy_Alta,Single,1091,1,No,17,Alta,Muy_Alta,0,1,3,1,0,0,13092,2107.812,0.9,4
1929,39,0,Non-Travel,Sales,21,Primaria,Life Sciences,Baja,Baja,2,Sales Executive,Baja,Married,5736,6,No,19,Alta,Alta,1,10,1,3,1,2,68832,14041.728,0.0948905109489051,17
1931,27,0,Travel_Rarely,Research & Development,2,Universitaria,Technical Degree,Media,Alta,1,Research Scientist,Alta,Married,2226,1,No,11,Alta,Alta,1,6,3,5,1,2,26712,4300.6320000000005,0.03409090909090909,18
1932,34,0,Travel_Frequently,Research & Development,22,Secundaria,Other,Alta,Media,2,Research Scientist,Media,Married,5747,1,Yes,15,Alta,Media,0,16,3,15,6,11,68964,14068.655999999999,0.32,10
1933,28,1,Travel_Rarely,Sales,13,Universitaria,Marketing,Muy_Alta,Alta,2,Sales Executive,Alta,Single,9854,3,Yes,11,Alta,Muy_Alta,0,6,0,2,2,2,118248,24832.079999999998,0.32,10
1934,47,0,Non-Travel,Research & Development,14,Universitaria,Technical Degree,Alta,Alta,2,Research Scientist,Alta,Married,5467,8,No,18,Alta,Alta,1,16,4,8,1,7,65604,13383.215999999999,0.03409090909090909,18
1935,56,0,Travel_Rarely,Sales,11,Secundaria,Marketing,Muy_Alta,Media,2,Sales Executive,Media,Married,5380,4,No,16,Alta,Alta,1,6,3,0,0,0,64560,13170.24,0.0948905109489051,17
1936,39,0,Travel_Rarely,Research & Development,9,Universitaria,Medical,Baja,Alta,2,Manufacturing Director,Alta,Married,5151,1,No,25,Muy_Alta,Muy_Alta,1,10,3,10,7,9,61812,12609.648,0.03409090909090909,18
1937,38,0,Travel_Frequently,Research & Development,8,Secundaria,Medical,Muy_Alta,Media,2,Research Scientist,Alta,Divorced,2133,1,Yes,16,Alta,Alta,1,20,3,20,0,7,25596,4120.956,0.6285714285714286,8
1938,58,0,Travel_Rarely,Sales,21,Universitaria,Life Sciences,Muy_Alta,Alta,4,Manager,Alta,Married,17875,4,Yes,13,Alta,Alta,1,29,2,1,0,0,214500,45045.0,0.10135135135135136,11
1939,32,1,Travel_Frequently,Research & Development,5,Master,Life Sciences,Baja,Muy_Alta,1,Research Scientist,Muy_Alta,Single,2432,3,Yes,14,Alta,Baja,0,8,2,4,0,3,29184,4698.624,0.6285714285714286,8
1940,38,0,Travel_Rarely,Research & Development,9,Universitaria,Life Sciences,Media,Alta,1,Research Scientist,Alta,Divorced,4771,2,No,19,Alta,Muy_Alta,2,10,0,5,0,3,57252,11679.408,0.03409090909090909,18
1941,49,0,Travel_Frequently,Research & Development,2,Universitaria,Life Sciences,Media,Alta,5,Research Director,Alta,Married,19161,3,No,15,Alta,Muy_Alta,0,28,3,5,4,3,229932,48285.72,0.0967741935483871,14
1943,42,0,Travel_Rarely,Sales,12,Universitaria,Marketing,Media,Alta,2,Sales Executive,Alta,Divorced,5087,3,Yes,12,Alta,Alta,2,14,4,0,0,0,61044,12452.975999999999,0.10135135135135136,11
1944,27,1,Travel_Frequently,Human Resources,22,Secundaria,Human Resources,Baja,Media,1,Human Resources,Media,Married,2863,1,No,12,Alta,Baja,0,1,2,1,0,0,34356,6768.1320000000005,0.6,3
1945,35,0,Travel_Rarely,Sales,18,Universitaria,Medical,Media,Alta,2,Sales Executive,Alta,Married,5561,0,No,16,Alta,Muy_Alta,1,6,2,5,0,4,66732,13613.328,0.0948905109489051,17
1947,28,0,Non-Travel,Research & Development,16,Universitaria,Medical,Alta,Alta,1,Research Scientist,Alta,Single,2144,1,No,14,Alta,Alta,0,5,3,5,1,4,25728,4142.2080000000005,0.0967741935483871,14
1948,31,0,Non-Travel,Research & Development,3,Universitaria,Medical,Alta,Alta,1,Research Scientist,Alta,Divorced,3065,1,Yes,13,Alta,Muy_Alta,1,4,3,4,2,3,36780,7245.660000000001,0.10135135135135136,11
1949,36,0,Non-Travel,Research & Development,9,Universitaria,Life Sciences,Baja,Muy_Alta,1,Laboratory Technician,Muy_Alta,Married,2810,1,No,22,Muy_Alta,Media,0,5,3,5,0,2,33720,6642.84,0.0967741935483871,14
1950,34,0,Travel_Rarely,Sales,1,Universitaria,Marketing,Baja,Alta,3,Sales Executive,Alta,Single,9888,1,No,21,Muy_Alta,Baja,0,14,3,14,2,1,118656,24917.76,0.0967741935483871,14
1951,34,0,Travel_Rarely,Sales,13,Universitaria,Medical,Muy_Alta,Alta,3,Sales Executive,Alta,Divorced,8628,1,No,18,Alta,Alta,1,9,2,8,1,1,103536,21742.559999999998,0.0948905109489051,17
1952,26,0,Travel_Rarely,Research & Development,1,Universitaria,Medical,Alta,Alta,1,Laboratory Technician,Alta,Single,2867,0,No,13,Alta,Muy_Alta,0,8,6,7,7,6,34404,6777.588000000001,0.0967741935483871,14
1954,29,0,Travel_Rarely,Research & Development,1,Universitaria,Life Sciences,Baja,Alta,2,Healthcare Representative,Alta,Married,5373,0,No,12,Alta,Baja,1,6,5,5,0,2,64476,13153.104,0.03409090909090909,18
1955,32,0,Non-Travel,Research & Development,15,Universitaria,Medical,Alta,Alta,2,Healthcare Representative,Alta,Divorced,6667,5,No,18,Alta,Media,1,9,6,5,1,2,80004,16800.84,0.03409090909090909,18
1956,31,0,Travel_Frequently,Research & Development,1,Primaria,Life Sciences,Muy_Alta,Baja,2,Research Scientist,Alta,Married,5003,1,No,21,Muy_Alta,Media,0,10,6,10,8,7,60036,12247.344,0.0967741935483871,14
1960,28,1,Travel_Rarely,Research & Development,17,Secundaria,Technical Degree,Alta,Media,1,Laboratory Technician,Media,Divorced,2367,5,No,12,Alta,Baja,1,6,2,4,0,3,28404,4573.044,0.03409090909090909,18
1961,38,0,Travel_Rarely,Sales,1,Secundaria,Life Sciences,Baja,Media,1,Sales Representative,Media,Single,2858,4,No,14,Alta,Baja,0,20,3,1,0,0,34296,6756.312,0.0967741935483871,14
1962,35,0,Travel_Rarely,Sales,7,Universitaria,Life Sciences,Alta,Alta,2,Sales Executive,Alta,Married,5204,1,Yes,11,Alta,Muy_Alta,0,10,2,10,0,9,62448,12739.392,0.32,10
1965,27,0,Travel_Rarely,Sales,9,Universitaria,Marketing,Muy_Alta,Alta,2,Sales Executive,Alta,Single,4105,1,No,14,Alta,Baja,0,7,5,7,0,7,49260,9704.220000000001,0.0967741935483871,14
1966,32,0,Travel_Rarely,Research & Development,5,Secundaria,Life Sciences,Muy_Alta,Media,2,Manufacturing Director,Media,Single,9679,8,No,24,Muy_Alta,Media,0,8,1,1,0,0,116148,24391.079999999998,0.2647058823529412,15
1967,31,1,Travel_Frequently,Sales,26,Universitaria,Marketing,Baja,Alta,2,Sales Executive,Alta,Married,5617,1,Yes,11,Alta,Alta,0,10,4,10,0,8,67404,13750.416,0.32,10
1968,53,1,Travel_Rarely,Sales,24,Universitaria,Life Sciences,Baja,Alta,3,Sales Executive,Alta,Single,10448,6,Yes,13,Alta,Media,0,15,2,2,2,2,125376,26328.96,0.32,10
1969,54,0,Travel_Rarely,Research & Development,9,Universitaria,Life Sciences,Baja,Alta,2,Research Scientist,Alta,Married,2897,3,No,11,Alta,Alta,2,9,6,4,2,3,34764,6848.508000000001,0.03409090909090909,18
1970,33,0,Travel_Frequently,Research & Development,7,Universitaria,Life Sciences,Muy_Alta,Alta,2,Healthcare Representative,Alta,Divorced,5968,1,No,20,Muy_Alta,Alta,3,9,2,9,2,8,71616,14609.663999999999,0.03409090909090909,18
1971,43,0,Travel_Rarely,Research & Development,11,Universitaria,Life Sciences,Baja,Alta,3,Healthcare Representative,Alta,Married,7510,1,No,17,Alta,Media,1,10,1,10,0,9,90120,18925.2,0.03409090909090909,18
1972,38,0,Travel_Frequently,Human Resources,1,Universitaria,Other,Muy_Alta,Alta,1,Human Resources,Alta,Married,2991,0,Yes,11,Alta,Media,1,7,2,6,1,2,35892,7070.724,0.10135135135135136,11
1973,55,0,Travel_Rarely,Human Resources,26,Master,Human Resources,Alta,Muy_Alta,5,Manager,Muy_Alta,Married,19636,4,Yes,18,Alta,Baja,1,35,0,10,1,4,235632,49482.72,0.10135135135135136,11
1974,31,0,Travel_Rarely,Research & Development,2,Primaria,Medical,Muy_Alta,Baja,1,Laboratory Technician,Baja,Divorced,1129,1,Yes,11,Alta,Alta,3,1,4,1,0,0,13548,2181.228,0.6,3
1975,39,0,Travel_Rarely,Sales,15,Universitaria,Marketing,Media,Alta,4,Sales Executive,Alta,Single,13341,0,No,12,Alta,Baja,0,21,3,20,11,10,160092,33619.32,0.0967741935483871,14
1976,42,0,Non-Travel,Research & Development,23,Secundaria,Life Sciences,Muy_Alta,Media,2,Research Scientist,Media,Single,4332,1,No,12,Alta,Muy_Alta,0,20,2,20,3,7,51984,10604.735999999999,0.0967741935483871,14
1979,31,0,Non-Travel,Research & Development,10,Universitaria,Medical,Alta,Alta,3,Research Director,Alta,Married,11031,4,No,20,Muy_Alta,Alta,1,13,2,11,4,8,132372,27798.12,0.03409090909090909,18
1980,54,0,Travel_Rarely,Research & Development,10,Universitaria,Medical,Alta,Alta,2,Manufacturing Director,Alta,Single,4440,6,Yes,19,Alta,Muy_Alta,0,9,3,5,1,4,53280,10869.119999999999,0.32,10
1981,24,0,Travel_Rarely,Research & Development,1,Secundaria,Life Sciences,Media,Media,2,Healthcare Representative,Media,Single,4617,1,No,12,Alta,Media,0,4,2,4,1,2,55404,11302.416,0.0967741935483871,14
1982,23,0,Travel_Rarely,Research & Development,12,Universitaria,Other,Muy_Alta,Alta,1,Laboratory Technician,Alta,Single,2647,1,No,13,Alta,Alta,0,5,6,5,1,4,31764,6257.508000000001,0.0967741935483871,14
1985,40,0,Travel_Frequently,Research & Development,11,Universitaria,Technical Degree,Muy_Alta,Alta,2,Laboratory Technician,Alta,Married,6323,1,No,11,Alta,Baja,1,10,2,10,9,4,75876,15933.96,0.03409090909090909,18
1986,40,0,Travel_Rarely,Sales,2,Universitaria,Marketing,Media,Alta,2,Sales Executive,Alta,Married,5677,3,No,14,Alta,Alta,1,15,4,11,5,10,68124,13897.295999999998,0.0948905109489051,17
1987,25,0,Travel_Rarely,Human Resources,2,Universitaria,Human Resources,Alta,Alta,1,Human Resources,Alta,Married,2187,4,No,14,Alta,Alta,0,6,3,2,1,2,26244,4225.284000000001,0.0967741935483871,14
1989,30,0,Travel_Rarely,Research & Development,1,Universitaria,Medical,Muy_Alta,Alta,1,Laboratory Technician,Alta,Married,3748,1,No,13,Alta,Alta,0,12,6,12,1,7,44976,8860.272,0.0967741935483871,14
1992,25,0,Travel_Rarely,Research & Development,2,Universitaria,Other,Muy_Alta,Alta,1,Laboratory Technician,Alta,Divorced,3977,6,Yes,19,Alta,Alta,1,7,2,2,0,2,47724,9401.628,0.10135135135135136,11
1993,47,0,Travel_Rarely,Research & Development,25,Universitaria,Medical,Baja,Alta,3,Healthcare Representative,Alta,Single,8633,2,No,23,Muy_Alta,Media,0,25,3,17,12,11,103596,21755.16,0.0967741935483871,14
1994,33,0,Non-Travel,Research & Development,1,Secundaria,Medical,Media,Media,1,Laboratory Technician,Media,Divorced,2008,1,No,12,Alta,Alta,3,1,2,1,0,0,24096,3879.456,0.6,3
1995,38,0,Travel_Rarely,Sales,1,Universitaria,Life Sciences,Muy_Alta,Alta,2,Sales Executive,Alta,Married,4440,0,No,15,Alta,Baja,2,16,3,15,5,8,53280,10869.119999999999,0.0948905109489051,17
1996,31,0,Travel_Rarely,Sales,2,Universitaria,Life Sciences,Baja,Alta,1,Sales Representative,Alta,Married,3067,0,No,19,Alta,Alta,1,3,1,2,1,2,36804,7250.388,0.0948905109489051,17
1997,38,0,Travel_Frequently,Research & Development,6,Secundaria,Life Sciences,Baja,Media,2,Manufacturing Director,Media,Married,5321,2,No,11,Alta,Muy_Alta,1,10,1,8,7,7,63852,13025.807999999999,0.03409090909090909,18
1998,42,0,Travel_Rarely,Research & Development,18,Universitaria,Life Sciences,Muy_Alta,Alta,2,Research Scientist,Alta,Divorced,5410,6,Yes,17,Alta,Alta,1,9,3,4,1,2,64920,13243.679999999998,0.10135135135135136,11
1999,41,0,Travel_Rarely,Research & Development,1,Universitaria,Life Sciences,Muy_Alta,Alta,1,Research Scientist,Alta,Married,2782,3,No,22,Muy_Alta,Baja,1,12,3,5,1,0,33384,6576.648,0.03409090909090909,18
2000,47,0,Non-Travel,Research & Development,1,Universitaria,Medical,Alta,Alta,3,Research Director,Alta,Married,11957,0,No,18,Alta,Baja,2,14,3,13,5,12,143484,30131.64,0.03409090909090909,18
2003,35,0,Travel_Rarely,Research & Development,11,Universitaria,Medical,Muy_Alta,Alta,1,Laboratory Technician,Alta,Married,2660,7,Yes,11,Alta,Alta,1,5,3,2,2,2,31920,6288.240000000001,0.10135135135135136,11
2007,22,0,Travel_Rarely,Research & Development,1,Universitaria,Life Sciences,Muy_Alta,Alta,1,Research Scientist,Alta,Single,3375,0,No,12,Alta,Muy_Alta,0,4,2,3,1,2,40500,7978.5,0.0967741935483871,14
2008,35,0,Travel_Rarely,Research & Development,9,Universitaria,Medical,Media,Alta,2,Research Scientist,Alta,Single,5098,1,No,19,Alta,Media,0,10,5,10,0,8,61176,12479.903999999999,0.0967741935483871,14
2009,33,0,Travel_Rarely,Research & Development,15,Universitaria,Medical,Media,Alta,2,Healthcare Representative,Alta,Married,4878,0,Yes,13,Alta,Baja,1,10,6,9,8,1,58536,11941.344,0.10135135135135136,11
2010,32,0,Travel_Rarely,Research & Development,29,Secundaria,Life Sciences,Alta,Media,1,Laboratory Technician,Media,Single,2837,1,No,13,Alta,Alta,0,6,3,6,4,1,34044,6706.668000000001,0.0967741935483871,14
2012,40,0,Travel_Rarely,Research & Development,1,Universitaria,Life Sciences,Baja,Alta,1,Laboratory Technician,Alta,Married,2406,8,No,19,Alta,Alta,2,8,3,1,0,0,28872,4648.392,0.03409090909090909,18
2013,32,0,Travel_Rarely,Sales,1,Secundaria,Medical,Media,Media,1,Sales Representative,Media,Married,2269,0,No,14,Alta,Media,1,3,2,2,2,2,27228,4383.7080000000005,0.0948905109489051,17
2014,39,0,Travel_Rarely,Research & Development,24,Universitaria,Life Sciences,Baja,Alta,2,Research Scientist,Alta,Single,4108,7,No,13,Alta,Baja,0,18,2,7,1,7,49296,9711.312,0.2647058823529412,15
2015,38,0,Travel_Rarely,Research & Development,10,Primaria,Medical,Media,Baja,3,Research Director,Baja,Married,13206,3,No,12,Alta,Baja,1,20,3,18,1,11,158472,33279.119999999995,0.03409090909090909,18
2016,32,0,Travel_Rarely,Sales,1,Universitaria,Marketing,Alta,Alta,3,Sales Executive,Alta,Married,10422,1,No,19,Alta,Alta,2,14,3,14,5,7,125064,26263.44,0.0948905109489051,17
2017,37,0,Travel_Rarely,Research & Development,10,Master,Life Sciences,Alta,Muy_Alta,3,Research Director,Muy_Alta,Married,13744,1,Yes,25,Muy_Alta,Baja,1,16,2,16,6,8,164928,34634.88,0.10135135135135136,11
2018,25,0,Travel_Rarely,Sales,8,Universitaria,Other,Baja,Alta,2,Sales Executive,Alta,Divorced,4907,0,Yes,22,Muy_Alta,Media,1,6,3,5,0,4,58884,12012.336,0.10135135135135136,11
2019,52,0,Non-Travel,Sales,29,Universitaria,Life Sciences,Baja,Alta,1,Sales Representative,Alta,Divorced,3482,2,No,15,Alta,Media,2,16,3,9,0,0,41784,8231.448,0.0948905109489051,17
2020,44,0,Travel_Rarely,Research & Development,1,Universitaria,Medical,Media,Alta,1,Research Scientist,Alta,Single,2436,6,Yes,12,Alta,Alta,0,6,2,4,1,2,29232,4706.352,0.6285714285714286,8
2021,21,0,Travel_Rarely,Sales,5,Universitaria,Medical,Alta,Alta,1,Sales Representative,Alta,Single,2380,1,Yes,11,Alta,Muy_Alta,0,2,6,2,1,2,28560,4598.16,0.6285714285714286,8
2022,39,0,Non-Travel,Research & Development,9,Universitaria,Life Sciences,Muy_Alta,Alta,5,Manager,Alta,Single,19431,2,No,13,Alta,Alta,0,21,3,6,1,3,233172,48966.119999999995,0.0967741935483871,14
2023,23,1,Travel_Frequently,Sales,9,Universitaria,Marketing,Muy_Alta,Alta,1,Sales Representative,Alta,Married,1790,1,No,19,Alta,Baja,1,1,3,1,1,0,21480,3458.28,0.6,3
2024,36,0,Travel_Rarely,Sales,3,Secundaria,Medical,Baja,Media,3,Sales Executive,Media,Married,7644,0,No,19,Alta,Alta,2,10,2,9,3,4,91728,19262.88,0.0948905109489051,17
2025,36,0,Travel_Frequently,Research & Development,4,Universitaria,Life Sciences,Muy_Alta,Alta,2,Manufacturing Director,Alta,Divorced,5131,7,No,13,Alta,Media,3,18,3,4,0,2,61572,12560.688,0.03409090909090909,18
2026,56,0,Non-Travel,Research & Development,1,Universitaria,Life Sciences,Alta,Alta,2,Healthcare Representative,Alta,Divorced,6306,1,No,21,Muy_Alta,Baja,1,13,2,13,1,9,75672,15891.119999999999,0.03409090909090909,18
2027,29,1,Travel_Rarely,Research & Development,1,Universitaria,Medical,Baja,Alta,1,Research Scientist,Alta,Married,4787,9,Yes,14,Alta,Media,3,4,3,2,2,2,57444,11718.576,0.10135135135135136,11
2031,42,0,Travel_Rarely,Research & Development,2,Universitaria,Life Sciences,Baja,Alta,5,Manager,Alta,Married,18880,5,No,11,Alta,Baja,0,24,2,22,4,14,226560,47577.6,0.2647058823529412,15
2032,56,1,Travel_Rarely,Research & Development,7,Universitaria,Technical Degree,Muy_Alta,Alta,1,Laboratory Technician,Alta,Married,2339,8,No,11,Alta,Muy_Alta,1,14,4,10,9,8,28068,4518.948,0.03409090909090909,18
2034,41,0,Travel_Rarely,Research & Development,28,Secundaria,Life Sciences,Baja,Media,4,Manufacturing Director,Alta,Married,13570,0,No,23,Muy_Alta,Alta,1,21,3,20,0,10,162840,34196.4,0.03409090909090909,18
2035,34,0,Travel_Rarely,Sales,28,Secundaria,Marketing,Muy_Alta,Media,2,Sales Executive,Media,Married,6712,1,No,21,Muy_Alta,Muy_Alta,2,8,2,8,1,7,80544,16914.239999999998,0.0948905109489051,17
2036,36,0,Non-Travel,Sales,15,Primaria,Marketing,Muy_Alta,Baja,2,Sales Executive,Alta,Divorced,5406,1,No,24,Muy_Alta,Baja,1,15,4,15,11,11,64872,13233.887999999999,0.0948905109489051,17
2037,41,0,Travel_Rarely,Sales,3,Secundaria,Life Sciences,Alta,Media,2,Sales Executive,Media,Divorced,8938,2,No,11,Alta,Alta,1,14,5,5,0,4,107256,22523.76,0.0948905109489051,17
2038,32,0,Travel_Rarely,Research & Development,2,Universitaria,Technical Degree,Muy_Alta,Alta,1,Research Scientist,Alta,Single,2439,1,No,14,Alta,Muy_Alta,0,4,4,4,1,2,29268,4712.148,0.0967741935483871,14
2040,35,0,Travel_Rarely,Human Resources,26,Universitaria,Life Sciences,Alta,Alta,3,Human Resources,Alta,Single,8837,1,Yes,16,Alta,Alta,0,9,2,9,1,7,106044,22269.239999999998,0.32,10
2041,38,0,Travel_Rarely,Sales,10,Universitaria,Life Sciences,Baja,Alta,2,Sales Executive,Alta,Married,5343,1,No,11,Alta,Alta,1,10,1,10,1,9,64116,13079.663999999999,0.0948905109489051,17
2044,50,1,Travel_Frequently,Sales,1,Universitaria,Life Sciences,Media,Alta,2,Sales Executive,Alta,Divorced,6728,7,No,12,Alta,Muy_Alta,2,12,3,6,0,1,80736,16954.559999999998,0.0948905109489051,17
2045,36,0,Travel_Rarely,Sales,11,Secundaria,Marketing,Media,Media,2,Sales Executive,Media,Married,6652,4,No,13,Alta,Baja,1,8,2,6,0,0,79824,16763.04,0.0948905109489051,17
2046,45,0,Travel_Rarely,Sales,20,Universitaria,Life Sciences,Muy_Alta,Alta,2,Sales Executive,Alta,Single,4850,8,No,15,Alta,Alta,0,8,3,5,0,1,58200,11872.8,0.2647058823529412,15
2048,40,0,Travel_Rarely,Research & Development,2,Secundaria,Life Sciences,Alta,Media,1,Research Scientist,Media,Single,2809,2,No,14,Alta,Muy_Alta,0,8,2,2,2,2,33708,6640.476000000001,0.0967741935483871,14
2049,35,0,Travel_Frequently,Research & Development,18,Universitaria,Life Sciences,Alta,Alta,2,Healthcare Representative,Alta,Married,5689,1,Yes,14,Alta,Muy_Alta,2,10,2,10,0,2,68268,13926.671999999999,0.10135135135135136,11
2051,40,0,Travel_Rarely,Research & Development,2,Universitaria,Medical,Alta,Alta,1,Research Scientist,Alta,Married,2001,2,No,14,Alta,Media,3,20,2,5,0,2,24012,3865.9320000000002,0.03409090909090909,18
2052,35,0,Travel_Rarely,Research & Development,1,Primaria,Life Sciences,Alta,Baja,1,Research Scientist,Baja,Married,2977,1,No,12,Alta,Muy_Alta,1,4,5,4,1,1,35724,7037.628000000001,0.03409090909090909,18
2053,29,0,Travel_Rarely,Research & Development,13,Secundaria,Other,Muy_Alta,Media,2,Laboratory Technician,Media,Married,4025,4,Yes,13,Alta,Baja,1,10,2,4,0,3,48300,9515.1,0.10135135135135136,11
2054,29,0,Travel_Rarely,Research & Development,28,Secundaria,Medical,Muy_Alta,Media,1,Research Scientist,Media,Single,3785,1,No,14,Alta,Media,0,5,3,5,0,4,45420,8947.74,0.0967741935483871,14
2055,50,1,Travel_Rarely,Sales,28,Secundaria,Marketing,Muy_Alta,Media,3,Sales Executive,Media,Divorced,10854,4,Yes,13,Alta,Media,1,20,3,3,2,0,130248,27352.079999999998,0.10135135135135136,11
2056,39,0,Travel_Rarely,Sales,24,Secundaria,Marketing,Media,Media,4,Sales Executive,Alta,Married,12031,0,No,11,Alta,Baja,1,21,2,20,9,6,144372,30318.12,0.0948905109489051,17
2057,31,0,Non-Travel,Research & Development,5,Universitaria,Medical,Media,Alta,2,Manufacturing Director,Alta,Single,9936,0,No,19,Alta,Media,0,10,2,9,1,7,119232,25038.719999999998,0.0967741935483871,14
2060,26,0,Travel_Rarely,Sales,5,Secundaria,Other,Muy_Alta,Media,1,Sales Representative,Media,Single,2966,0,No,18,Alta,Muy_Alta,0,5,2,4,0,0,35592,7011.624000000001,0.0967741935483871,14
2061,36,0,Travel_Frequently,Research & Development,23,Master,Medical,Alta,Muy_Alta,2,Laboratory Technician,Muy_Alta,Married,2571,4,No,17,Alta,Alta,1,17,3,5,0,3,30852,6077.844,0.03409090909090909,18
2062,39,0,Travel_Rarely,Research & Development,6,Secundaria,Medical,Muy_Alta,Media,3,Healthcare Representative,Media,Married,9991,4,No,15,Alta,Baja,1,9,5,7,1,7,119892,25177.32,0.03409090909090909,18
2064,27,0,Travel_Rarely,Research & Development,4,Master,Life Sciences,Media,Muy_Alta,2,Manufacturing Director,Muy_Alta,Married,6142,1,Yes,20,Muy_Alta,Media,1,6,0,6,0,3,73704,15035.615999999998,0.10135135135135136,11
2065,49,0,Travel_Frequently,Sales,2,Secundaria,Medical,Muy_Alta,Media,2,Sales Executive,Media,Married,5390,2,No,14,Alta,Muy_Alta,0,17,3,9,0,8,64680,13194.72,0.0967741935483871,14
2068,34,0,Travel_Rarely,Research & Development,8,Universitaria,Medical,Media,Muy_Alta,2,Laboratory Technician,Muy_Alta,Married,4404,2,No,12,Alta,Baja,0,6,3,4,1,2,52848,10780.992,0.0967741935483871,14
